graph_id,topology,instance_id,nodes,edges,avg_degree,max_degree,clustering_coefficient,avg_shortest_path_length,diameter,is_connected
BA_00,BA,0,1000,1996,3.992,82,0.026637,4.0945,7,True
BA_01,BA,1,1000,1996,3.992,95,0.028921,4.0286,8,True
BA_02,BA,2,1000,1996,3.992,66,0.01466,4.1513,7,True
BA_03,BA,3,1000,1996,3.992,82,0.024483,4.0546,7,True
BA_04,BA,4,1000,1996,3.992,94,0.034723,4.0764,7,True
BA_05,BA,5,1000,1996,3.992,68,0.014913,4.1789,7,True
BA_06,BA,6,1000,1996,3.992,115,0.0298,4.0492,7,True
BA_07,BA,7,1000,1996,3.992,65,0.017293,4.1226,7,True
BA_08,BA,8,1000,1996,3.992,78,0.015079,4.0713,8,True
BA_09,BA,9,1000,1996,3.992,67,0.027416,4.1025,7,True
BA_10,BA,10,1000,1996,3.992,78,0.022121,4.035,7,True
BA_11,BA,11,1000,1996,3.992,94,0.024599,4.138,7,True
BA_12,BA,12,1000,1996,3.992,90,0.025964,4.0953,8,True
BA_13,BA,13,1000,1996,3.992,94,0.041738,3.9749,7,True
BA_14,BA,14,1000,1996,3.992,88,0.037074,4.0218,7,True
BA_15,BA,15,1000,1996,3.992,84,0.037788,4.0769,7,True
BA_16,BA,16,1000,1996,3.992,98,0.032621,3.9934,7,True
BA_17,BA,17,1000,1996,3.992,85,0.021996,3.9755,7,True
BA_18,BA,18,1000,1996,3.992,108,0.034036,3.9717,8,True
BA_19,BA,19,1000,1996,3.992,80,0.017951,4.0988,7,True
BA_20,BA,20,1000,1996,3.992,95,0.033464,3.9889,7,True
BA_21,BA,21,1000,1996,3.992,75,0.021939,4.1164,7,True
BA_22,BA,22,1000,1996,3.992,79,0.021116,3.9785,7,True
BA_23,BA,23,1000,1996,3.992,84,0.027002,4.0301,8,True
BA_24,BA,24,1000,1996,3.992,75,0.021616,4.0892,7,True
BA_25,BA,25,1000,1996,3.992,74,0.027861,4.1263,7,True
BA_26,BA,26,1000,1996,3.992,76,0.020806,4.0131,7,True
BA_27,BA,27,1000,1996,3.992,76,0.025354,3.9958,7,True
BA_28,BA,28,1000,1996,3.992,63,0.023469,4.1365,7,True
BA_29,BA,29,1000,1996,3.992,116,0.030241,3.9744,7,True
WS_00,WS,0,1000,2000,4.0,6,0.381467,8.9052,18,True
WS_01,WS,1,1000,2000,4.0,7,0.368443,8.6787,17,True
WS_02,WS,2,1000,2000,4.0,7,0.384976,8.929,17,True
WS_03,WS,3,1000,2000,4.0,7,0.363024,8.6491,17,True
WS_04,WS,4,1000,2000,4.0,7,0.381276,8.9408,19,True
WS_05,WS,5,1000,2000,4.0,6,0.3758,8.6284,17,True
WS_06,WS,6,1000,2000,4.0,7,0.37391,8.7897,16,True
WS_07,WS,7,1000,2000,4.0,7,0.370267,8.7153,17,True
WS_08,WS,8,1000,2000,4.0,7,0.36801,8.5586,18,True
WS_09,WS,9,1000,2000,4.0,6,0.371,8.9385,18,True
WS_10,WS,10,1000,2000,4.0,7,0.392424,9.645,20,True
WS_11,WS,11,1000,2000,4.0,7,0.382652,8.7253,17,True
WS_12,WS,12,1000,2000,4.0,6,0.371733,8.6432,17,True
WS_13,WS,13,1000,2000,4.0,7,0.376457,8.9593,17,True
WS_14,WS,14,1000,2000,4.0,7,0.369743,8.8401,17,True
WS_15,WS,15,1000,2000,4.0,7,0.372576,8.9469,17,True
WS_16,WS,16,1000,2000,4.0,7,0.37389,8.8622,19,True
WS_17,WS,17,1000,2000,4.0,7,0.371376,8.7798,17,True
WS_18,WS,18,1000,2000,4.0,6,0.369933,8.6992,18,True
WS_19,WS,19,1000,2000,4.0,6,0.349533,8.3634,17,True
WS_20,WS,20,1000,2000,4.0,6,0.3733,9.0046,18,True
WS_21,WS,21,1000,2000,4.0,7,0.366738,8.5484,17,True
WS_22,WS,22,1000,2000,4.0,7,0.35871,8.5102,16,True
WS_23,WS,23,1000,2000,4.0,7,0.377329,8.7627,18,True
