Topology,t,Edge Retention,Avg Stretch,95th-Pctl Stretch,Max Stretch
BA,3,91.7% ± 0.7%,1.0968 ± 0.0095,1.4527 ± 0.0451,2.41 ± 0.24
BA,5,75.9% ± 0.8%,1.3290 ± 0.0166,1.9975 ± 0.0076,4.01 ± 0.29
BA,7,64.6% ± 0.6%,1.6016 ± 0.0197,2.4232 ± 0.0741,5.46 ± 0.56
ER,3,98.0% ± 0.3%,1.0117 ± 0.0025,1.0425 ± 0.0509,1.79 ± 0.17
ER,5,88.5% ± 0.7%,1.1054 ± 0.0063,1.4945 ± 0.0102,3.45 ± 0.53
ER,7,75.4% ± 1.1%,1.3088 ± 0.0148,1.9688 ± 0.0421,5.34 ± 0.64
GRID,3,72.7% ± 0.1%,1.0712 ± 0.0034,1.2893 ± 0.0076,2.63 ± 0.26
GRID,5,64.7% ± 0.1%,1.1409 ± 0.0044,1.4341 ± 0.0138,3.47 ± 0.38
GRID,7,60.8% ± 0.1%,1.2097 ± 0.0060,1.5651 ± 0.0148,4.42 ± 0.54
WS,3,65.9% ± 0.5%,1.1684 ± 0.0061,1.4294 ± 0.0126,2.39 ± 0.25
WS,5,60.8% ± 0.6%,1.2473 ± 0.0092,1.5902 ± 0.0147,3.14 ± 0.39
WS,7,59.6% ± 0.6%,1.2808 ± 0.0100,1.6614 ± 0.0188,3.41 ± 0.48
