graph_id,topology,instance_id,t_limit,permutations_count,original_edges,spanner_edges_mean,edge_retention_ratio,avg_stretch,p95_stretch,median_stretch,max_stretch,build_time_sec_mean,nodes,avg_degree,max_degree,clustering_coefficient,avg_shortest_path_length,diameter
BA_00,BA,0,3,10,1996,1836.1,0.9198900999999999,1.0985084,1.4543333,1.0,2.1666666,0.0212,1000,3.992,82,0.026637,4.0945,7
BA_00,BA,0,5,10,1996,1525.0,0.7640279999999999,1.3309749,2.0,1.25,3.55,0.05740000000000001,1000,3.992,82,0.026637,4.0945,7
BA_00,BA,0,7,10,1996,1296.6,0.6495995999999999,1.6173802000000002,2.5833334999999997,1.52,6.4,0.07504999999999999,1000,3.992,82,0.026637,4.0945,7
BA_01,BA,1,3,10,1996,1825.8,0.9147297999999999,1.1021634,1.4651666,1.0,2.7,0.01925,1000,3.992,95,0.028921,4.0286,8
BA_01,BA,1,5,10,1996,1513.3,0.7581663,1.3382351,2.0,1.25,3.6,0.055779999999999996,1000,3.992,95,0.028921,4.0286,8
BA_01,BA,1,7,10,1996,1294.2,0.6483972,1.5985749999999999,2.4174999,1.5,4.85,0.09486,1000,3.992,95,0.028921,4.0286,8
BA_02,BA,2,3,10,1996,1832.4,0.9180364000000001,1.0971184,1.4833333,1.0,2.2333333,0.01901,1000,3.992,66,0.01466,4.1513,7
BA_02,BA,2,5,10,1996,1536.9,0.7699899,1.314605,2.0,1.25,4.3,0.05415,1000,3.992,66,0.01466,4.1513,7
BA_02,BA,2,7,10,1996,1308.3,0.6554613,1.5773516,2.3508331,1.5,6.1,0.07526,1000,3.992,66,0.01466,4.1513,7
BA_03,BA,3,3,10,1996,1847.9,0.9258019000000001,1.0992616,1.4333332,1.0,3.0,0.01863,1000,3.992,82,0.024483,4.0546,7
BA_03,BA,3,5,10,1996,1508.2,0.7556112,1.3366166,2.0,1.25,4.7,0.06094000000000001,1000,3.992,82,0.024483,4.0546,7
BA_03,BA,3,7,10,1996,1293.2,0.6478962,1.6253567,2.4674999,1.52,6.2,0.08571999999999999,1000,3.992,82,0.024483,4.0546,7
BA_04,BA,4,3,10,1996,1834.4,0.9190384,1.0823035,1.4003332,1.0,2.4,0.0187,1000,3.992,94,0.034723,4.0764,7
BA_04,BA,4,5,10,1996,1510.5,0.7567635,1.3185334000000002,2.0,1.25,3.8,0.0528,1000,3.992,94,0.034723,4.0764,7
BA_04,BA,4,7,10,1996,1289.8,0.6461928,1.5972117000000001,2.3499997,1.5,5.55,0.08468,1000,3.992,94,0.034723,4.0764,7
BA_05,BA,5,3,10,1996,1859.9,0.9318139000000001,1.072005,1.3499997000000001,1.0,2.55,0.01983,1000,3.992,68,0.014913,4.1789,7
BA_05,BA,5,5,10,1996,1546.8,0.7749498,1.2951766,1.975,1.225,4.1,0.057620000000000005,1000,3.992,68,0.014913,4.1789,7
BA_05,BA,5,7,10,1996,1309.5,0.6560625,1.56943,2.3499997,1.5,5.4,0.08338999999999999,1000,3.992,68,0.014913,4.1789,7
BA_06,BA,6,3,10,1996,1827.5,0.9155815,1.1082749,1.4805,1.0,2.65,0.01678,1000,3.992,115,0.0298,4.0492,7
BA_06,BA,6,5,10,1996,1526.0,0.764529,1.3241884000000002,2.0,1.25,4.4,0.054000000000000006,1000,3.992,115,0.0298,4.0492,7
BA_06,BA,6,7,10,1996,1298.7,0.6506516999999999,1.5913694,2.333333,1.5,6.3,0.07833,1000,3.992,115,0.0298,4.0492,7
BA_07,BA,7,3,10,1996,1846.2,0.9249502,1.0834915999999999,1.3904998000000002,1.0,2.2333333,0.02164,1000,3.992,65,0.017293,4.1226,7
BA_07,BA,7,5,10,1996,1529.1,0.7660821,1.3080268,2.0,1.25,4.0,0.05635,1000,3.992,65,0.017293,4.1226,7
BA_07,BA,7,7,10,1996,1301.3,0.6519543,1.5833766,2.333333,1.5,5.3,0.08299,1000,3.992,65,0.017293,4.1226,7
BA_08,BA,8,3,10,1996,1843.1,0.9233971000000001,1.0920649,1.4333332,1.0,2.2,0.02214,1000,3.992,78,0.015079,4.0713,8
BA_08,BA,8,5,10,1996,1520.3,0.7616733,1.3283246,2.0,1.25,4.2,0.06343,1000,3.992,78,0.015079,4.0713,8
BA_08,BA,8,7,10,1996,1286.6,0.6445896,1.6047292,2.4841666,1.5,6.0,0.0903,1000,3.992,78,0.015079,4.0713,8
BA_09,BA,9,3,10,1996,1847.3,0.9255013,1.093416,1.4166665,1.0,2.15,0.020810000000000002,1000,3.992,67,0.027416,4.1025,7
BA_09,BA,9,5,10,1996,1543.0,0.773046,1.3152965,2.0,1.25,3.8,0.052649999999999995,1000,3.992,67,0.027416,4.1025,7
BA_09,BA,9,7,10,1996,1296.5,0.6495495,1.5920187000000001,2.4174999,1.5,6.0,0.08984,1000,3.992,67,0.027416,4.1025,7
BA_10,BA,10,3,10,1996,1834.8,0.9192387999999999,1.0897717,1.4214999000000001,1.0,2.65,0.02086,1000,3.992,78,0.022121,4.035,7
BA_10,BA,10,5,10,1996,1509.1,0.7560621000000001,1.3331984000000001,2.0,1.25,3.8,0.05944000000000001,1000,3.992,78,0.022121,4.035,7
BA_10,BA,10,7,10,1996,1275.2,0.6388782,1.6024401000000001,2.4333332,1.5,4.7,0.07467,1000,3.992,78,0.022121,4.035,7
BA_11,BA,11,3,10,1996,1844.5,0.9240985,1.0878666,1.4169999,1.0,2.25,0.01603,1000,3.992,94,0.024599,4.138,7
BA_11,BA,11,5,10,1996,1539.9,0.7714928999999999,1.2988759,1.975,1.2475,3.7,0.061,1000,3.992,94,0.024599,4.138,7
BA_11,BA,11,7,10,1996,1303.5,0.6530565,1.5638935,2.3508331,1.5,4.95,0.09072,1000,3.992,94,0.024599,4.138,7
BA_12,BA,12,3,10,1996,1816.8,0.9102207999999999,1.1044266999999999,1.5,1.0,2.45,0.017410000000000002,1000,3.992,90,0.025964,4.0953,8
BA_12,BA,12,5,10,1996,1522.0,0.762525,1.3245584000000001,2.0,1.25,3.95,0.053590000000000006,1000,3.992,90,0.025964,4.0953,8
BA_12,BA,12,7,10,1996,1292.2,0.6473952,1.5863684,2.3999998000000002,1.5,5.15,0.08383,1000,3.992,90,0.025964,4.0953,8
BA_13,BA,13,3,10,1996,1809.7,0.9066637,1.1109548999999999,1.5400000999999999,1.0,2.7,0.0222,1000,3.992,94,0.041738,3.9749,7
BA_13,BA,13,5,10,1996,1490.7,0.7468437,1.3436992,2.0,1.25,3.9,0.06655,1000,3.992,94,0.041738,3.9749,7
BA_13,BA,13,7,10,1996,1273.0,0.637776,1.6257352999999999,2.5666668,1.52,4.45,0.0767,1000,3.992,94,0.041738,3.9749,7
BA_14,BA,14,3,10,1996,1820.5,0.9120744999999999,1.0979766,1.4841666999999998,1.0,2.2,0.02049,1000,3.992,88,0.037074,4.0218,7
BA_14,BA,14,5,10,1996,1501.1,0.7520541,1.3240565,2.0,1.25,4.25,0.06389,1000,3.992,88,0.037074,4.0218,7
BA_14,BA,14,7,10,1996,1275.6,0.6390786,1.5893421,2.3841664000000002,1.5,5.8,0.09384,1000,3.992,88,0.037074,4.0218,7
BA_15,BA,15,3,10,1996,1817.5,0.9105715,1.0924232,1.4466666,1.0,2.4333333,0.02027,1000,3.992,84,0.037788,4.0769,7
BA_15,BA,15,5,10,1996,1511.6,0.7573146,1.3204784999999999,2.0,1.25,4.05,0.06368,1000,3.992,84,0.037788,4.0769,7
BA_15,BA,15,7,10,1996,1291.3,0.6469443,1.5992317,2.3833331,1.5,6.3,0.09652000000000001,1000,3.992,84,0.037788,4.0769,7
BA_16,BA,16,3,10,1996,1811.0,0.907315,1.1124918000000001,1.4841666,1.0,2.6,0.02427,1000,3.992,98,0.032621,3.9934,7
BA_16,BA,16,5,10,1996,1498.0,0.7505010000000001,1.3533933,2.0,1.25,3.85,0.07056,1000,3.992,98,0.032621,3.9934,7
BA_16,BA,16,7,10,1996,1279.3,0.6409322000000001,1.6318684,2.5341667,1.5150000000000001,5.45,0.08445,1000,3.992,98,0.032621,3.9934,7
BA_17,BA,17,3,10,1996,1809.2,0.9064132,1.1008567,1.5,1.0,2.7333333,0.024890000000000002,1000,3.992,85,0.021996,3.9755,7
BA_17,BA,17,5,10,1996,1493.3,0.7481462999999999,1.3449984000000001,2.0,1.25,4.2,0.06266000000000001,1000,3.992,85,0.021996,3.9755,7
BA_17,BA,17,7,10,1996,1268.5,0.6355215000000001,1.6251668,2.4499999,1.53,5.9,0.09623000000000001,1000,3.992,85,0.021996,3.9755,7
BA_18,BA,18,3,10,1996,1820.0,0.911824,1.10683,1.4833333,1.0,2.5,0.025619999999999997,1000,3.992,108,0.034036,3.9717,8
BA_18,BA,18,5,10,1996,1495.0,0.748998,1.3506591000000001,2.0,1.25,3.9,0.06167,1000,3.992,108,0.034036,3.9717,8
BA_18,BA,18,7,10,1996,1268.3,0.6354212,1.6261423000000002,2.5,1.53,4.7,0.09637,1000,3.992,108,0.034036,3.9717,8
BA_19,BA,19,3,10,1996,1837.0,0.920341,1.0910883,1.4006666,1.0,2.2,0.02101,1000,3.992,80,0.017951,4.0988,7
BA_19,BA,19,5,10,1996,1530.7,0.7668837,1.3105594999999999,2.0,1.25,4.1,0.058309999999999994,1000,3.992,80,0.017951,4.0988,7
BA_19,BA,19,7,10,1996,1298.7,0.6506516999999999,1.585782,2.3666664,1.5,4.9,0.08052000000000001,1000,3.992,80,0.017951,4.0988,7
BA_20,BA,20,3,10,1996,1807.8,0.9057118,1.10929,1.49,1.0,2.3666666,0.0196,1000,3.992,95,0.033464,3.9889,7
BA_20,BA,20,5,10,1996,1498.6,0.7508016,1.3499567,2.0,1.25,3.8,0.0634,1000,3.992,95,0.033464,3.9889,7
BA_20,BA,20,7,10,1996,1277.3,0.6399303,1.6225768999999999,2.4674999,1.51,5.15,0.09272,1000,3.992,95,0.033464,3.9889,7
BA_21,BA,21,3,10,1996,1843.9,0.9237979,1.0945633000000001,1.4399999,1.0,2.2333333,0.01718,1000,3.992,75,0.021939,4.1164,7
BA_21,BA,21,5,10,1996,1522.3,0.7626753,1.3235417,2.0,1.25,3.9,0.052000000000000005,1000,3.992,75,0.021939,4.1164,7
BA_21,BA,21,7,10,1996,1297.0,0.6498,1.5880817,2.3674998,1.5,5.4,0.07826999999999999,1000,3.992,75,0.021939,4.1164,7
BA_22,BA,22,3,10,1996,1807.1,0.9053611,1.1043059,1.5,1.0,2.05,0.0227,1000,3.992,79,0.021116,3.9785,7
BA_22,BA,22,5,10,1996,1487.5,0.7452405,1.3508312999999998,2.0,1.25,3.95,0.06182,1000,3.992,79,0.021116,3.9785,7
BA_22,BA,22,7,10,1996,1272.3,0.6374253000000001,1.6236906000000002,2.5016667,1.525,4.5,0.08669,1000,3.992,79,0.021116,3.9785,7
BA_23,BA,23,3,10,1996,1834.1,0.9188881,1.0948883,1.4666666,1.0,2.2,0.017230000000000002,1000,3.992,84,0.027002,4.0301,8
BA_23,BA,23,5,10,1996,1508.2,0.7556111999999999,1.3338767,2.0,1.25,4.2,0.04959,1000,3.992,84,0.027002,4.0301,8
BA_23,BA,23,7,10,1996,1279.9,0.6412329,1.6136115,2.5,1.5,5.7,0.09226,1000,3.992,84,0.027002,4.0301,8
BA_24,BA,24,3,10,1996,1839.8,0.9217438,1.0971917,1.4841666999999998,1.0,2.4333333,0.0183,1000,3.992,75,0.021616,4.0892,7
BA_24,BA,24,5,10,1996,1514.5,0.7587675,1.3284467,2.0,1.25,3.8,0.056369999999999996,1000,3.992,75,0.021616,4.0892,7
BA_24,BA,24,7,10,1996,1296.7,0.6496497,1.5994099,2.3508331,1.5,5.8,0.07382999999999999,1000,3.992,75,0.021616,4.0892,7
BA_25,BA,25,3,10,1996,1838.2,0.9209422,1.0851285000000002,1.3571664,1.0,2.6,0.0162,1000,3.992,74,0.027861,4.1263,7
BA_25,BA,25,5,10,1996,1534.9,0.7689879000000001,1.3115225000000001,1.975,1.25,4.65,0.05582,1000,3.992,74,0.027861,4.1263,7
BA_25,BA,25,7,10,1996,1298.5,0.6505515,1.5712766999999999,2.333333,1.5,5.7,0.09093,1000,3.992,74,0.027861,4.1263,7
BA_26,BA,26,3,10,1996,1838.8,0.9212427999999999,1.0916266000000001,1.4333332,1.0,2.15,0.019450000000000002,1000,3.992,76,0.020806,4.0131,7
BA_26,BA,26,5,10,1996,1505.1,0.7540581,1.3380383,2.0,1.25,3.6,0.05874,1000,3.992,76,0.020806,4.0131,7
BA_26,BA,26,7,10,1996,1277.3,0.6399303,1.6034568,2.3999998000000002,1.5,4.9,0.09234,1000,3.992,76,0.020806,4.0131,7
BA_27,BA,27,3,10,1996,1826.3,0.9149803000000001,1.1047449999999999,1.4833333,1.0,2.75,0.025869999999999997,1000,3.992,76,0.025354,3.9958,7
BA_27,BA,27,5,10,1996,1500.0,0.751503,1.3493617,2.0,1.25,4.15,0.07147,1000,3.992,76,0.025354,3.9958,7
BA_27,BA,27,7,10,1996,1279.2,0.6408822,1.6180633,2.5008333,1.51,5.7,0.08662,1000,3.992,76,0.025354,3.9958,7
BA_28,BA,28,3,10,1996,1844.9,0.9242988999999999,1.091485,1.4399999,1.0,2.25,0.01867,1000,3.992,63,0.023469,4.1365,7
BA_28,BA,28,5,10,1996,1528.8,0.7659317999999999,1.3143005,2.0,1.24,3.7,0.07046,1000,3.992,63,0.023469,4.1365,7
BA_28,BA,28,7,10,1996,1305.6,0.6541086,1.5839656,2.3508331,1.5,5.2,0.09889,1000,3.992,63,0.023469,4.1365,7
BA_29,BA,29,3,10,1996,1823.4,0.9135274000000001,1.108845,1.5,1.0,2.3333333,0.02383,1000,3.992,116,0.030241,3.9744,7
BA_29,BA,29,5,10,1996,1499.8,0.7514027999999999,1.3570443,2.0,1.25,4.3,0.06911,1000,3.992,116,0.030241,3.9744,7
BA_29,BA,29,7,10,1996,1270.3,0.6364232999999999,1.6299229,2.4674999,1.52,5.45,0.08494,1000,3.992,116,0.030241,3.9744,7
ER_00,ER,0,3,10,2127,2087.2,0.9812879999999999,1.0088108,1.0,1.0,1.5300001,0.0087,1000,4.254,12,0.006433,5.2018,25
ER_00,ER,0,5,10,2127,1840.2,0.8651621,1.1229657,1.5005,1.0,3.8,0.03561,1000,4.254,12,0.006433,5.2018,25
ER_00,ER,0,7,10,2127,1529.1,0.7188999,1.3460227,2.0,1.2308333,5.1,0.06922,1000,4.254,12,0.006433,5.2018,25
ER_01,ER,1,3,10,2038,1995.8,0.9792936000000001,1.0125431,1.0339584,1.0,1.8000001,0.00817,1000,4.076,12,0.003187,5.3265,24
ER_01,ER,1,5,10,2038,1803.1,0.8847400000000001,1.1009899,1.5,1.0,3.6,0.03711,1000,4.076,12,0.003187,5.3265,24
ER_01,ER,1,7,10,2038,1524.1,0.747841,1.3051249,1.9600000000000002,1.2,5.35,0.06773,1000,4.076,12,0.003187,5.3265,24
ER_02,ER,2,3,10,1993,1943.1,0.9749623,1.0139884000000001,1.1315081999999999,1.0,1.666667,0.00957,1000,3.986,11,0.005876,5.5664,29
ER_02,ER,2,5,10,1993,1760.1,0.8831410999999999,1.1036313,1.5,1.0,2.6333333,0.034800000000000005,1000,3.986,11,0.005876,5.5664,29
ER_02,ER,2,7,10,1993,1506.6,0.755946,1.2970698,1.9600000000000002,1.2,4.9666667,0.06508,1000,3.986,11,0.005876,5.5664,29
ER_03,ER,3,3,10,2000,1954.8,0.9774,1.0123956,1.0368656,1.0,1.7500001,0.00771,1000,4.0,13,0.005223,5.3678,26
ER_03,ER,3,5,10,2000,1775.3,0.88765,1.1012138,1.4905,1.0,2.75,0.03467,1000,4.0,13,0.005223,5.3678,26
ER_03,ER,3,7,10,2000,1516.7,0.75835,1.2989916,1.98,1.2,4.6,0.05689999999999999,1000,4.0,13,0.005223,5.3678,26
ER_04,ER,4,3,10,1982,1944.4,0.9810291,1.0106122000000002,1.0002174,1.0,1.8666668000000002,0.00642,1000,3.964,10,0.004004,5.7693,34
ER_04,ER,4,5,10,1982,1768.4,0.89223,1.0958508999999999,1.4705,1.0,4.1,0.028239999999999998,1000,3.964,10,0.004004,5.7693,34
ER_04,ER,4,7,10,1982,1522.4,0.7681129,1.2750553999999998,1.8050000000000002,1.1900001,4.6,0.06146,1000,3.964,10,0.004004,5.7693,34
ER_05,ER,5,3,10,2044,2002.5,0.9796965,1.0122101,1.0461689,1.0,1.7333336,0.00885,1000,4.088,13,0.002762,5.3014,23
ER_05,ER,5,5,10,2044,1804.2,0.882681,1.1035689,1.4905,1.0,3.9,0.036309999999999995,1000,4.088,13,0.002762,5.3014,23
ER_05,ER,5,7,10,2044,1534.9,0.7509296,1.3031798,1.9552500000000002,1.2,4.75,0.06629,1000,4.088,13,0.002762,5.3014,23
ER_06,ER,6,3,10,1956,1919.7,0.9814417000000001,1.0132366,1.0443751,1.0,1.9000001000000002,0.00703,1000,3.912,12,0.002069,5.3692,22
ER_06,ER,6,5,10,1956,1757.9,0.898722,1.0989457999999999,1.4905,1.0,4.2833333,0.027979999999999998,1000,3.912,12,0.002069,5.3692,22
ER_06,ER,6,7,10,1956,1513.8,0.7739263000000001,1.2909896,1.9600000000000002,1.2,4.8,0.06817,1000,3.912,12,0.002069,5.3692,22
ER_07,ER,7,3,10,2024,1992.1,0.9842394000000001,1.0092257,1.0,1.0,1.8000001,0.01,1000,4.048,11,0.001581,5.2976,23
ER_07,ER,7,5,10,2024,1788.3,0.8835475,1.1103718,1.5,1.0,3.2,0.03247,1000,4.048,11,0.001581,5.2976,23
ER_07,ER,7,7,10,2024,1514.5,0.7482706,1.3227093,2.0,1.2225,5.5,0.07802,1000,4.048,11,0.001581,5.2976,23
ER_08,ER,8,3,10,1985,1943.4,0.9790428999999999,1.0121088,1.0315502,1.0,1.7166668999999999,0.00794,1000,3.97,12,0.003288,5.8147,34
ER_08,ER,8,5,10,1985,1761.5,0.8874055000000001,1.1027882999999998,1.5,1.0,2.6333333,0.028460000000000003,1000,3.97,12,0.003288,5.8147,34
ER_08,ER,8,7,10,1985,1516.2,0.7638288,1.2978986,1.98,1.2,5.2,0.06726,1000,3.97,12,0.003288,5.8147,34
ER_09,ER,9,3,10,1995,1955.7,0.9803006999999999,1.0096848,1.0,1.0,1.666667,0.00742,1000,3.99,11,0.002403,5.2961,18
ER_09,ER,9,5,10,1995,1771.6,0.8880201,1.1000313,1.49,1.0,3.3333332999999996,0.0293,1000,3.99,11,0.002403,5.2961,18
ER_09,ER,9,7,10,1995,1523.6,0.7637092,1.2977725,1.9609999999999999,1.2,4.95,0.0558,1000,3.99,11,0.002403,5.2961,18
ER_10,ER,10,3,10,2000,1954.6,0.9773,1.0165846,1.1436667999999999,1.0,1.8666668000000002,0.00844,1000,4.0,17,0.002195,5.4405,28
ER_10,ER,10,5,10,2000,1769.6,0.8847999999999999,1.1121432,1.5,1.0,3.8,0.034499999999999996,1000,4.0,17,0.002195,5.4405,28
ER_10,ER,10,7,10,2000,1505.4,0.7527,1.3177888,2.0,1.2,5.25,0.05978,1000,4.0,17,0.002195,5.4405,28
ER_11,ER,11,3,10,2057,2010.4,0.9773453999999999,1.0152668,1.1675001,1.0,1.7000001999999999,0.006810000000000001,1000,4.114,11,0.003728,5.1871,20
ER_11,ER,11,5,10,2057,1814.1,0.8819153,1.1069138,1.49,1.0,2.8666667,0.0341,1000,4.114,11,0.003728,5.1871,20
ER_11,ER,11,7,10,2057,1545.1,0.7511424,1.3186728,2.0,1.2085713999999999,5.45,0.07041,1000,4.114,11,0.003728,5.1871,20
ER_12,ER,12,3,10,2068,2023.9,0.978675,1.0144822,1.0732251,1.0,2.1000001999999998,0.01112,1000,4.136,13,0.001903,5.1237,19
ER_12,ER,12,5,10,2068,1815.6,0.8779496999999999,1.1111736,1.5,1.0,3.4833332999999995,0.03084,1000,4.136,13,0.001903,5.1237,19
ER_12,ER,12,7,10,2068,1533.6,0.7415860000000001,1.3258575000000001,2.0,1.2,6.25,0.07507,1000,4.136,13,0.001903,5.1237,19
ER_13,ER,13,3,10,2060,2017.9,0.9795633,1.0126433000000001,1.0339683,1.0,1.8000002,0.00964,1000,4.12,11,0.003169,5.2575,24
ER_13,ER,13,5,10,2060,1798.5,0.8730583,1.1165753,1.5,1.0,2.85,0.038650000000000004,1000,4.12,11,0.003169,5.2575,24
ER_13,ER,13,7,10,2060,1515.9,0.7358738,1.3291525,2.0,1.2212607,4.05,0.06762,1000,4.12,11,0.003169,5.2575,24
ER_14,ER,14,3,10,2025,1985.7,0.9805927000000001,1.0107416,1.0142856999999998,1.0,1.7333334999999999,0.00639,1000,4.05,11,0.003948,5.3509,27
ER_14,ER,14,5,10,2025,1783.9,0.8809383000000001,1.105379,1.5,1.0,2.6166666,0.03059,1000,4.05,11,0.003948,5.3509,27
ER_14,ER,14,7,10,2025,1512.7,0.7470124,1.3255048,2.0,1.2112607,6.25,0.07238,1000,4.05,11,0.003948,5.3509,27
ER_15,ER,15,3,10,2037,1996.9,0.9803139,1.0116795,1.0321827,1.0,1.8833334000000002,0.00966,1000,4.074,12,0.004559,5.1708,18
ER_15,ER,15,5,10,2037,1800.0,0.8836525,1.1101126000000001,1.4905,1.0,4.5,0.04278,1000,4.074,12,0.004559,5.1708,18
ER_15,ER,15,7,10,2037,1527.2,0.74973,1.321111,1.94,1.21,5.9,0.07855999999999999,1000,4.074,12,0.004559,5.1708,18
ER_16,ER,16,3,10,1969,1924.3,0.9772983999999999,1.0124079,1.0550001,1.0,1.6500002999999999,0.01018,1000,3.938,11,0.004613,5.4395,24
ER_16,ER,16,5,10,1969,1733.5,0.8803960999999999,1.1127372,1.5,1.0,3.4833332999999995,0.03364,1000,3.938,11,0.004613,5.4395,24
ER_16,ER,16,7,10,1969,1491.6,0.7575419,1.309626,1.98,1.2,5.1,0.06856,1000,3.938,11,0.004613,5.4395,24
ER_17,ER,17,3,10,2032,1991.3,0.9799706,1.0111715000000001,1.0370636,1.0,1.6333335999999998,0.013930000000000001,1000,4.064,11,0.00602,5.3927,25
ER_17,ER,17,5,10,2032,1799.1,0.8853840999999999,1.1048236,1.5,1.0,4.05,0.035449999999999995,1000,4.064,11,0.00602,5.3927,25
ER_17,ER,17,7,10,2032,1531.9,0.7538881,1.2961614,1.98,1.2,5.05,0.06257,1000,4.064,11,0.00602,5.3927,25
ER_18,ER,18,3,10,1985,1952.7,0.9837277999999999,1.0099709000000001,1.0166667,1.0,1.6583335,0.007150000000000001,1000,3.97,12,0.003553,5.6104,30
ER_18,ER,18,5,10,1985,1772.9,0.8931486,1.0990522,1.5,1.0,3.6833333,0.03297,1000,3.97,12,0.003553,5.6104,30
ER_18,ER,18,7,10,1985,1521.3,0.7663979000000001,1.2897697,2.0,1.1900001,5.45,0.06471,1000,3.97,12,0.003553,5.6104,30
ER_19,ER,19,3,10,1991,1952.6,0.9807132,1.012588,1.0130556,1.0,2.3000001,0.0089,1000,3.982,13,0.004317,5.5738,34
ER_19,ER,19,5,10,1991,1772.8,0.8904069,1.1011855000000002,1.5,1.0,3.55,0.03811,1000,3.982,13,0.004317,5.5738,34
ER_19,ER,19,7,10,1991,1508.1,0.7574586,1.3036189999999999,1.98,1.199375,4.7,0.06986,1000,3.982,13,0.004317,5.5738,34
ER_20,ER,20,3,10,2036,1992.3,0.9785363,1.0160401000000001,1.1577382999999999,1.0,1.8333334999999997,0.00643,1000,4.072,12,0.002392,5.2635,25
ER_20,ER,20,5,10,2036,1793.5,0.880894,1.1080879,1.5,1.0,3.1166666,0.03735,1000,4.072,12,0.002392,5.2635,25
ER_20,ER,20,7,10,2036,1520.1,0.7466109000000001,1.3224658,2.0,1.215,6.2,0.06057,1000,4.072,12,0.002392,5.2635,25
ER_21,ER,21,3,10,2008,1968.5,0.9803289999999999,1.009779,1.0,1.0,1.5333334,0.00608,1000,4.016,13,0.004947,5.3707,24
ER_21,ER,21,5,10,2008,1777.7,0.8853085999999999,1.1048278,1.5,1.0,3.9,0.03555,1000,4.016,13,0.004947,5.3707,24
ER_21,ER,21,7,10,2008,1516.7,0.7553286,1.3093933,1.9,1.21,4.7,0.06362999999999999,1000,4.016,13,0.004947,5.3707,24
ER_22,ER,22,3,10,1950,1920.9,0.9850766999999999,1.0087234999999999,1.0,1.0,1.6400002999999999,0.00693,1000,3.9,12,0.002199,5.4919,24
ER_22,ER,22,5,10,1950,1751.8,0.8983588000000001,1.0951019,1.4705,1.0,3.6333333000000003,0.03003,1000,3.9,12,0.002199,5.4919,24
ER_22,ER,22,7,10,1950,1497.3,0.7678461000000001,1.2916041,1.9010000000000002,1.2,5.5,0.06305000000000001,1000,3.9,12,0.002199,5.4919,24
ER_23,ER,23,3,10,2039,2018.0,0.9897007,1.0058365,1.0,1.0,1.6233335999999998,0.012390000000000002,1000,4.078,11,0.003231,5.3164,26
ER_23,ER,23,5,10,2039,1820.0,0.8925943999999999,1.0971678,1.4905,1.0,3.2,0.03547,1000,4.078,11,0.003231,5.3164,26
ER_23,ER,23,7,10,2039,1539.4,0.7549779,1.3183426,1.98,1.2,6.45,0.08,1000,4.078,11,0.003231,5.3164,26
ER_24,ER,24,3,10,2047,2011.6,0.9827062,1.0107196999999999,1.0,1.0,1.7333334999999999,0.00886,1000,4.094,15,0.003663,5.1925,18
ER_24,ER,24,5,10,2047,1816.9,0.8875914,1.1011298,1.5,1.0,2.8833333,0.03857,1000,4.094,15,0.003663,5.1925,18
ER_24,ER,24,7,10,2047,1538.0,0.7513434,1.3124948,2.0,1.2,5.75,0.06494,1000,4.094,15,0.003663,5.1925,18
ER_25,ER,25,3,10,2025,1982.2,0.9788641,1.0129889,1.0576191,1.0,2.1500001,0.0083,1000,4.05,13,0.003808,5.2261,21
ER_25,ER,25,5,10,2025,1787.9,0.8829136999999999,1.1103514,1.5,1.0,3.15,0.04506,1000,4.05,13,0.003808,5.2261,21
ER_25,ER,25,7,10,2025,1521.4,0.7513086999999999,1.3149519,2.0,1.2,5.85,0.08398,1000,4.05,13,0.003808,5.2261,21
ER_26,ER,26,3,10,2059,2006.9,0.9746964,1.0154633,1.1180963,1.0,1.9333334,0.01283,1000,4.118,12,0.004903,5.3254,28
ER_26,ER,26,5,10,2059,1812.6,0.8803303,1.1080207999999998,1.5,1.0,3.6666667000000004,0.03868,1000,4.118,12,0.004903,5.3254,28
ER_26,ER,26,7,10,2059,1539.1,0.7474988,1.3133267,1.9611667000000002,1.2,6.1,0.08166999999999999,1000,4.118,12,0.004903,5.3254,28
ER_27,ER,27,3,10,2007,1972.9,0.9830094,1.0081676,1.0,1.0,1.8500001000000001,0.01193,1000,4.014,11,0.002795,5.3012,22
ER_27,ER,27,5,10,2007,1783.5,0.8886397,1.1023713000000002,1.4605000000000001,1.0,4.35,0.03799,1000,4.014,11,0.002795,5.3012,22
ER_27,ER,27,7,10,2007,1527.0,0.760837,1.3028241,1.98,1.2,5.7,0.08254,1000,4.014,11,0.002795,5.3012,22
ER_28,ER,28,3,10,1994,1957.5,0.981695,1.0112729,1.0310715,1.0,1.8500001000000001,0.00814,1000,3.988,12,0.003521,5.4323,27
ER_28,ER,28,5,10,1994,1769.0,0.8871613,1.1031906,1.5,1.0,3.1,0.034699999999999995,1000,3.988,12,0.003521,5.4323,27
ER_28,ER,28,7,10,1994,1515.6,0.7600802,1.2931965,1.921,1.2,4.25,0.07141,1000,3.988,12,0.003521,5.4323,27
ER_29,ER,29,3,10,2031,1999.2,0.9843428,1.0088144,1.0,1.0,1.8400001,0.01047,1000,4.062,12,0.002187,5.3376,28
ER_29,ER,29,5,10,2031,1793.7,0.8831611,1.1112917,1.5,1.0,3.45,0.043519999999999996,1000,4.062,12,0.002187,5.3376,28
ER_29,ER,29,7,10,2031,1524.0,0.7503692,1.3146071000000001,1.98,1.2,6.3,0.07986,1000,4.062,12,0.002187,5.3376,28
GRID_00,GRID,0,3,10,1896,1376.1,0.7257912,1.0705351,1.2839399,1.0,2.9,0.0065699999999999995,1000,3.792,4,0.0,21.7045,63
GRID_00,GRID,0,5,10,1896,1224.4,0.6457803999999999,1.1380959000000002,1.4242013,1.0915906,4.0,0.01002,1000,3.792,4,0.0,21.7045,63
GRID_00,GRID,0,7,10,1896,1152.2,0.6077004,1.2082829,1.5603208,1.1564101999999998,4.4,0.00809,1000,3.792,4,0.0,21.7045,63
GRID_01,GRID,1,3,10,1896,1374.4,0.7248945,1.0747368,1.2874674000000002,1.0,2.9,0.00411,1000,3.792,4,0.0,21.702,63
GRID_01,GRID,1,5,10,1896,1228.8,0.6481011,1.1423364,1.439592,1.0934447999999999,4.2,0.00845,1000,3.792,4,0.0,21.702,63
GRID_01,GRID,1,7,10,1896,1151.3,0.6072256,1.2139985,1.5794115,1.1660993,4.8,0.005220000000000001,1000,3.792,4,0.0,21.702,63
GRID_02,GRID,2,3,10,1896,1380.7,0.7282173000000001,1.0667057999999998,1.2810026,1.0,2.6333333,0.00664,1000,3.792,4,0.0,21.701,63
GRID_02,GRID,2,5,10,1896,1227.6,0.6474683,1.1390980000000002,1.4210156999999999,1.0956186,4.0,0.0071,1000,3.792,4,0.0,21.701,63
GRID_02,GRID,2,7,10,1896,1152.2,0.6077006,1.2101586,1.5670952,1.1593433999999998,4.2666667,0.006,1000,3.792,4,0.0,21.701,63
GRID_03,GRID,3,3,10,1896,1378.6,0.7271096,1.0693242,1.2888164,1.0,2.0,0.007300000000000001,1000,3.792,4,0.0,21.6972,63
GRID_03,GRID,3,5,10,1896,1228.2,0.6477847,1.1361919999999999,1.4195087,1.0963476,2.4233333000000004,0.00723,1000,3.792,4,0.0,21.6972,63
GRID_03,GRID,3,7,10,1896,1152.9,0.6080696,1.2025798,1.5490473,1.1577977000000002,3.2,0.01064,1000,3.792,4,0.0,21.6972,63
GRID_04,GRID,4,3,10,1896,1379.7,0.7276901,1.0651733,1.2840827000000001,1.0,2.4333333,0.00722,1000,3.792,4,0.0,21.6975,63
GRID_04,GRID,4,5,10,1896,1228.1,0.6477321,1.1332814,1.4329255,1.0839034,3.4,0.007680000000000001,1000,3.792,4,0.0,21.6975,63
GRID_04,GRID,4,7,10,1896,1154.2,0.6087553,1.1987709,1.5494994,1.1470647,3.8333332999999996,0.00866,1000,3.792,4,0.0,21.6975,63
GRID_05,GRID,5,3,10,1896,1378.1,0.7268459,1.0698782000000002,1.2993159,1.0,2.5,0.00827,1000,3.792,4,0.0,21.6932,63
GRID_05,GRID,5,5,10,1896,1228.5,0.6479429999999999,1.142632,1.4705774,1.0897092000000002,3.6,0.00772,1000,3.792,4,0.0,21.6932,63
GRID_05,GRID,5,7,10,1896,1152.3,0.6077532,1.2085005,1.5859435,1.1532114999999998,3.8666667000000006,0.0106,1000,3.792,4,0.0,21.6932,63
GRID_06,GRID,6,3,10,1896,1378.1,0.7268461,1.0763897999999998,1.2843675,1.0,2.8333333,0.0068000000000000005,1000,3.792,4,0.0,21.701,63
GRID_06,GRID,6,5,10,1896,1225.3,0.6462551999999999,1.1493208000000001,1.4462040999999999,1.1013272,3.4,0.0066,1000,3.792,4,0.0,21.701,63
GRID_06,GRID,6,7,10,1896,1153.5,0.6083860999999999,1.2118935,1.5555883,1.1640076000000001,5.4,0.0107,1000,3.792,4,0.0,21.701,63
GRID_07,GRID,7,3,10,1896,1377.8,0.7266878,1.0694665,1.2835227,1.0,2.3666667,0.00629,1000,3.792,4,0.0,21.7031,63
GRID_07,GRID,7,5,10,1896,1227.2,0.6472574,1.1381446,1.4319106,1.0959743,3.5333333,0.0064600000000000005,1000,3.792,4,0.0,21.7031,63
GRID_07,GRID,7,7,10,1896,1150.2,0.6066455,1.2090805,1.5694112,1.1620605999999998,4.7666667,0.00866,1000,3.792,4,0.0,21.7031,63
GRID_08,GRID,8,3,10,1896,1378.7,0.7271625,1.0711942,1.2943481000000001,1.0,2.5333334,0.00605,1000,3.792,4,0.0,21.6986,63
GRID_08,GRID,8,5,10,1896,1226.3,0.6467826999999999,1.1402724,1.4393649,1.0932758999999999,3.5,0.00895,1000,3.792,4,0.0,21.6986,63
GRID_08,GRID,8,7,10,1896,1153.5,0.6083860999999999,1.2155435,1.5750627,1.1662796,4.2,0.01162,1000,3.792,4,0.0,21.6986,63
GRID_09,GRID,9,3,10,1896,1375.1,0.7252638,1.0694761,1.2864007000000002,1.0,2.8333333,0.00634,1000,3.792,4,0.0,21.7076,63
GRID_09,GRID,9,5,10,1896,1224.3,0.6457278000000001,1.1380169,1.4253943,1.0886327999999998,3.3,0.01012,1000,3.792,4,0.0,21.7076,63
GRID_09,GRID,9,7,10,1896,1151.3,0.6072257999999999,1.2037331,1.5594329999999998,1.1491304999999998,4.1,0.013389999999999999,1000,3.792,4,0.0,21.7076,63
GRID_10,GRID,10,3,10,1896,1373.8,0.7245781,1.0706962,1.2803493,1.0,3.0,0.00711,1000,3.792,4,0.0,21.698,63
GRID_10,GRID,10,5,10,1896,1226.3,0.6467826000000001,1.1393274999999998,1.418266,1.0971899999999999,3.8,0.00732,1000,3.792,4,0.0,21.698,63
GRID_10,GRID,10,7,10,1896,1152.6,0.6079114000000001,1.2072672,1.546414,1.1589147,4.7,0.010539999999999999,1000,3.792,4,0.0,21.698,63
GRID_11,GRID,11,3,10,1896,1376.6,0.7260548,1.0738317,1.301745,1.0,2.7,0.00449,1000,3.792,4,0.0,21.7089,63
GRID_11,GRID,11,5,10,1896,1227.6,0.6474683,1.1431429,1.4368231,1.0967426,3.8333332999999996,0.008979999999999998,1000,3.792,4,0.0,21.7089,63
GRID_11,GRID,11,7,10,1896,1152.1,0.6076477,1.2135494,1.5930028999999999,1.1642166999999999,4.2,0.012759999999999999,1000,3.792,4,0.0,21.7089,63
GRID_12,GRID,12,3,10,1896,1378.2,0.7268988000000001,1.0662807,1.2751523,1.0,2.4333333,0.00731,1000,3.792,4,0.0,21.7036,63
GRID_12,GRID,12,5,10,1896,1228.1,0.6477321,1.1301384,1.4073601999999998,1.0870959,3.0,0.01009,1000,3.792,4,0.0,21.7036,63
GRID_12,GRID,12,7,10,1896,1150.7,0.6069093000000001,1.2026104,1.5498322999999998,1.1556625,4.1,0.00944,1000,3.792,4,0.0,21.7036,63
GRID_13,GRID,13,3,10,1896,1380.8,0.7282699,1.0668932999999998,1.2787215,1.0,2.3666667,0.00703,1000,3.792,4,0.0,21.7079,63
GRID_13,GRID,13,5,10,1896,1228.3,0.6478375,1.1398161,1.4253828,1.0944715,3.4666666,0.010830000000000001,1000,3.792,4,0.0,21.7079,63
GRID_13,GRID,13,7,10,1896,1153.6,0.6084388000000001,1.2143622,1.5730464,1.1630619,4.3333334,0.010969999999999999,1000,3.792,4,0.0,21.7079,63
GRID_14,GRID,14,3,10,1896,1376.6,0.726055,1.0686095,1.2861775,1.0,2.8,0.0055,1000,3.792,4,0.0,21.7094,63
GRID_14,GRID,14,5,10,1896,1226.7,0.6469937,1.1397413,1.4356773,1.089381,3.6,0.013470000000000001,1000,3.792,4,0.0,21.7094,63
GRID_14,GRID,14,7,10,1896,1151.5,0.6073313,1.2098526,1.5508175,1.1559567999999998,5.1,0.00979,1000,3.792,4,0.0,21.7094,63
GRID_15,GRID,15,3,10,1896,1374.6,0.725,1.0742309,1.2929403000000002,1.0,2.7,0.00639,1000,3.792,4,0.0,21.7112,63
GRID_15,GRID,15,5,10,1896,1229.0,0.6482066,1.1402169,1.4320615,1.093958,3.3,0.011170000000000001,1000,3.792,4,0.0,21.7112,63
GRID_15,GRID,15,7,10,1896,1153.1,0.608175,1.2054382000000001,1.5606244,1.15583,4.15,0.010879999999999999,1000,3.792,4,0.0,21.7112,63
GRID_16,GRID,16,3,10,1896,1380.8,0.72827,1.0706913999999998,1.2941023,1.0,2.8,0.01072,1000,3.792,4,0.0,21.6947,63
GRID_16,GRID,16,5,10,1896,1227.5,0.6474156,1.1398,1.4264671,1.0888351,3.5,0.00878,1000,3.792,4,0.0,21.6947,63
GRID_16,GRID,16,7,10,1896,1154.0,0.6086498,1.2111227,1.5750178,1.1557195,5.0,0.010589999999999999,1000,3.792,4,0.0,21.6947,63
GRID_17,GRID,17,3,10,1896,1376.8,0.7261603,1.0736988,1.2957684999999999,1.0,2.8,0.01014,1000,3.792,4,0.0,21.7209,63
GRID_17,GRID,17,5,10,1896,1226.9,0.6470990999999999,1.1480306,1.4489499000000001,1.0994286,3.8,0.00922,1000,3.792,4,0.0,21.7209,63
GRID_17,GRID,17,7,10,1896,1151.0,0.6070675000000001,1.2166444,1.5680766,1.1638565,5.2,0.00982,1000,3.792,4,0.0,21.7209,63
GRID_18,GRID,18,3,10,1896,1375.5,0.7254746,1.0798067,1.3029176,1.0040407999999998,3.0,0.00965,1000,3.792,4,0.0,21.7048,63
GRID_18,GRID,18,5,10,1896,1227.9,0.6476265,1.148402,1.4539276,1.0979556000000001,4.0,0.0076300000000000005,1000,3.792,4,0.0,21.7048,63
GRID_18,GRID,18,7,10,1896,1153.1,0.6081749000000001,1.2170622,1.575412,1.1642484,4.933333299999999,0.01009,1000,3.792,4,0.0,21.7048,63
GRID_19,GRID,19,3,10,1896,1377.7,0.726635,1.0683591,1.2862617,1.0,2.4,0.00834,1000,3.792,4,0.0,21.7113,63
GRID_19,GRID,19,5,10,1896,1225.5,0.6463608,1.1396214,1.4144917,1.0961690000000002,3.5333333,0.00819,1000,3.792,4,0.0,21.7113,63
GRID_19,GRID,19,7,10,1896,1152.1,0.6076477,1.2037094,1.5390039,1.1550672,4.6,0.00971,1000,3.792,4,0.0,21.7113,63
GRID_20,GRID,20,3,10,1896,1377.6,0.7265823,1.0737693,1.2971627,1.0,2.9,0.007619999999999999,1000,3.792,4,0.0,21.6971,63
GRID_20,GRID,20,5,10,1896,1228.0,0.6476792,1.1448103,1.4503274,1.0983302,3.6,0.00955,1000,3.792,4,0.0,21.6971,63
GRID_20,GRID,20,7,10,1896,1152.6,0.6079114999999999,1.2220828,1.603366,1.170884,5.1666667,0.00999,1000,3.792,4,0.0,21.6971,63
GRID_21,GRID,21,3,10,1896,1376.8,0.7261604,1.0729338,1.2992094,1.0,2.4999998999999997,0.00622,1000,3.792,4,0.0,21.7007,63
GRID_21,GRID,21,5,10,1896,1227.8,0.6475738,1.1409306000000001,1.4250791,1.0993939000000001,3.2333332999999995,0.00886,1000,3.792,4,0.0,21.7007,63
GRID_21,GRID,21,7,10,1896,1151.3,0.6072258,1.2114995,1.562618,1.1676083,3.8933332999999997,0.01066,1000,3.792,4,0.0,21.7007,63
GRID_22,GRID,22,3,10,1896,1377.8,0.7266879,1.0707683,1.2858881,1.0,2.4,0.00877,1000,3.792,4,0.0,21.703,63
GRID_22,GRID,22,5,10,1896,1227.7,0.6475209,1.1393518999999999,1.4239409,1.0971354999999998,2.7033332999999997,0.0073999999999999995,1000,3.792,4,0.0,21.703,63
GRID_22,GRID,22,7,10,1896,1152.0,0.6075949,1.2137356000000001,1.5638515,1.1680417,3.7,0.00781,1000,3.792,4,0.0,21.703,63
GRID_23,GRID,23,3,10,1896,1376.1,0.7257911,1.0716885999999999,1.2887438,1.0,2.3133333,0.00634,1000,3.792,4,0.0,21.7015,63
GRID_23,GRID,23,5,10,1896,1228.4,0.6478903,1.1416297,1.4422954000000001,1.0918673,3.5,0.01137,1000,3.792,4,0.0,21.7015,63
GRID_23,GRID,23,7,10,1896,1152.4,0.6078061,1.2138236,1.5714000000000001,1.1624447999999998,4.5333333,0.00964,1000,3.792,4,0.0,21.7015,63
GRID_24,GRID,24,3,10,1896,1375.2,0.7253162,1.0690436,1.2810331,1.0,2.5,0.00723,1000,3.792,4,0.0,21.7016,63
GRID_24,GRID,24,5,10,1896,1227.2,0.6472574,1.1368276,1.4197618,1.0927775,3.3,0.01018,1000,3.792,4,0.0,21.7016,63
GRID_24,GRID,24,7,10,1896,1154.8,0.6090717000000001,1.1959809,1.5439788,1.1496274999999998,4.4,0.00868,1000,3.792,4,0.0,21.7016,63
GRID_25,GRID,25,3,10,1896,1383.7,0.7297997,1.0733649,1.2992033,1.0,2.9,0.00851,1000,3.792,4,0.0,21.696,63
GRID_25,GRID,25,5,10,1896,1228.8,0.6481011999999999,1.1453984,1.4545986000000002,1.0952431,3.8,0.00932,1000,3.792,4,0.0,21.696,63
GRID_25,GRID,25,7,10,1896,1153.6,0.6084387,1.2207555,1.5769051,1.1710338,5.3,0.00952,1000,3.792,4,0.0,21.696,63
GRID_26,GRID,26,3,10,1896,1380.8,0.7282701,1.071949,1.2909241,1.0,2.2666667,0.00771,1000,3.792,4,0.0,21.7029,63
GRID_26,GRID,26,5,10,1896,1226.0,0.6466244,1.1445367000000002,1.4416631,1.1006002000000001,3.3,0.00916,1000,3.792,4,0.0,21.7029,63
GRID_26,GRID,26,7,10,1896,1151.5,0.6073312000000001,1.2076345,1.5667663,1.1596265,3.9666667,0.00964,1000,3.792,4,0.0,21.7029,63
GRID_27,GRID,27,3,10,1896,1377.3,0.726424,1.0668552,1.2796186,1.0,2.3333333,0.007050000000000001,1000,3.792,4,0.0,21.702,63
GRID_27,GRID,27,5,10,1896,1228.4,0.6478902,1.1374494,1.4326962,1.0928621,3.3,0.00929,1000,3.792,4,0.0,21.702,63
GRID_27,GRID,27,7,10,1896,1152.8,0.6080168,1.2049576,1.5495582,1.1587935,3.75,0.01285,1000,3.792,4,0.0,21.702,63
GRID_28,GRID,28,3,10,1896,1380.1,0.7279008,1.0723473000000001,1.2918958,1.0,2.8333333,0.007340000000000001,1000,3.792,4,0.0,21.7042,63
GRID_28,GRID,28,5,10,1896,1228.1,0.6477321,1.1396813,1.4380162,1.0929577,3.2,0.00956,1000,3.792,4,0.0,21.7042,63
GRID_28,GRID,28,7,10,1896,1152.8,0.6080171,1.207913,1.5697032,1.1593151,4.2333333,0.015610000000000002,1000,3.792,4,0.0,21.7042,63
GRID_29,GRID,29,3,10,1896,1373.5,0.7244197,1.0774283,1.2981589,1.0,2.9,0.00701,1000,3.792,4,0.0,21.7012,63
GRID_29,GRID,29,5,10,1896,1224.9,0.6460444,1.1493777,1.4446799000000001,1.1031598,3.1,0.01075,1000,3.792,4,0.0,21.7012,63
GRID_29,GRID,29,7,10,1896,1153.8,0.6085443,1.2077686,1.5637558,1.1575161,4.6,0.01184,1000,3.792,4,0.0,21.7012,63
WS_00,WS,0,3,10,2000,1311.7,0.65585,1.1720963,1.4251981,1.1484473,2.225,0.00433,1000,4.0,6,0.381467,8.9052,18
WS_00,WS,0,5,10,2000,1207.7,0.60385,1.2608150999999999,1.5850781,1.2393467,3.7,0.00426,1000,4.0,6,0.381467,8.9052,18
WS_00,WS,0,7,10,2000,1188.6,0.5942999999999999,1.2853409,1.6448297,1.2548949999999999,3.7333333000000004,0.004690000000000001,1000,4.0,6,0.381467,8.9052,18
WS_01,WS,1,3,10,2000,1321.4,0.6607000000000001,1.1664091,1.4273193,1.1391940999999999,2.1866667,0.00481,1000,4.0,7,0.368443,8.6787,17
WS_01,WS,1,5,10,2000,1212.9,0.6064499999999999,1.24564,1.5940537000000001,1.221111,2.8035714,0.00438,1000,4.0,7,0.368443,8.6787,17
WS_01,WS,1,7,10,2000,1192.0,0.596,1.2774688,1.6498871000000002,1.2472222,3.5,0.0054,1000,4.0,7,0.368443,8.6787,17
WS_02,WS,2,3,10,2000,1304.0,0.6519999999999999,1.1727793,1.4277241,1.1518545,2.0833333,0.00446,1000,4.0,7,0.384976,8.929,17
WS_02,WS,2,5,10,2000,1203.2,0.6016,1.2500968000000001,1.5860992,1.2203173999999999,3.3533333,0.00544,1000,4.0,7,0.384976,8.929,17
WS_02,WS,2,7,10,2000,1179.2,0.5896,1.2830515,1.6550272,1.2480769,3.55,0.00552,1000,4.0,7,0.384976,8.929,17
WS_03,WS,3,3,10,2000,1326.9,0.66345,1.1646337,1.4203015,1.1351801,2.32,0.0035700000000000003,1000,4.0,7,0.363024,8.6491,17
WS_03,WS,3,5,10,2000,1223.9,0.61195,1.240411,1.5920636,1.2096031,3.2,0.00572,1000,4.0,7,0.363024,8.6491,17
WS_03,WS,3,7,10,2000,1197.8,0.5989,1.2756969999999999,1.6641929000000002,1.2318589,3.5916666999999998,0.006559999999999999,1000,4.0,7,0.363024,8.6491,17
WS_04,WS,4,3,10,2000,1311.5,0.65575,1.1628557000000002,1.4163132,1.1384919999999998,2.7166666,0.00346,1000,4.0,7,0.381276,8.9408,19
WS_04,WS,4,5,10,2000,1202.9,0.60145,1.2507051,1.5985716,1.2155554,3.5666667000000003,0.00489,1000,4.0,7,0.381276,8.9408,19
WS_04,WS,4,7,10,2000,1183.6,0.5918,1.2767746,1.6525716,1.2435425,4.2,0.00533,1000,4.0,7,0.381276,8.9408,19
WS_05,WS,5,3,10,2000,1316.4,0.6582,1.1710353,1.4389679000000002,1.1431548,2.6833333,0.0036200000000000004,1000,4.0,6,0.3758,8.6284,17
WS_05,WS,5,5,10,2000,1222.5,0.61125,1.2268088000000001,1.5613138,1.1981818,2.8666667,0.0047,1000,4.0,6,0.3758,8.6284,17
WS_05,WS,5,7,10,2000,1198.9,0.59945,1.2678927,1.6479764,1.2341878999999998,3.15,0.00762,1000,4.0,6,0.3758,8.6284,17
WS_06,WS,6,3,10,2000,1316.5,0.65825,1.160825,1.4130157,1.1350274,1.975,0.00352,1000,4.0,7,0.37391,8.7897,16
WS_06,WS,6,5,10,2000,1216.0,0.608,1.2441008,1.5958334,1.2138887999999999,2.56,0.00502,1000,4.0,7,0.37391,8.7897,16
WS_06,WS,6,7,10,2000,1191.8,0.5959000000000001,1.2730846,1.6490797000000001,1.2467171000000001,2.6466666,0.005730000000000001,1000,4.0,7,0.37391,8.7897,16
WS_07,WS,7,3,10,2000,1323.2,0.6616000000000001,1.1679737,1.4147531,1.1404762,2.18,0.00334,1000,4.0,7,0.370267,8.7153,17
WS_07,WS,7,5,10,2000,1220.8,0.6104,1.2472986,1.5866272000000001,1.2156164999999999,2.7916667,0.00487,1000,4.0,7,0.370267,8.7153,17
WS_07,WS,7,7,10,2000,1199.1,0.59955,1.2773196,1.6516669,1.2472222,3.1283333,0.00881,1000,4.0,7,0.370267,8.7153,17
WS_08,WS,8,3,10,2000,1327.3,0.66365,1.1649127,1.4288885,1.1343253,2.4,0.00326,1000,4.0,7,0.36801,8.5586,18
WS_08,WS,8,5,10,2000,1227.6,0.6138,1.2442589,1.6005807,1.2103173999999999,3.5333333,0.00498,1000,4.0,7,0.36801,8.5586,18
WS_08,WS,8,7,10,2000,1203.6,0.6018,1.2706001,1.6585419,1.236111,3.6533333,0.00892,1000,4.0,7,0.36801,8.5586,18
WS_09,WS,9,3,10,2000,1318.6,0.6593,1.1752456,1.4566664,1.1521108999999998,2.125,0.00324,1000,4.0,6,0.371,8.9385,18
WS_09,WS,9,5,10,2000,1210.5,0.6052500000000001,1.2549637,1.5970358,1.2238887999999999,2.7833333,0.005390000000000001,1000,4.0,6,0.371,8.9385,18
WS_09,WS,9,7,10,2000,1186.6,0.5932999999999999,1.3013545,1.7081627999999998,1.2660928999999999,3.075,0.00912,1000,4.0,6,0.371,8.9385,18
WS_10,WS,10,3,10,2000,1285.8,0.6429,1.181105,1.4380791,1.16114,2.3899999999999997,0.004280000000000001,1000,4.0,7,0.392424,9.645,20
WS_10,WS,10,5,10,2000,1183.0,0.5915,1.266455,1.6057998000000002,1.2405205000000001,3.0483333,0.00737,1000,4.0,7,0.392424,9.645,20
WS_10,WS,10,7,10,2000,1160.9,0.58045,1.2966134999999999,1.6623832,1.2643289,3.3321429,0.00776,1000,4.0,7,0.392424,9.645,20
WS_11,WS,11,3,10,2000,1310.4,0.6552,1.1667007,1.413099,1.1433608,2.1204761999999997,0.00412,1000,4.0,7,0.382652,8.7253,17
WS_11,WS,11,5,10,2000,1216.4,0.6082,1.2304142,1.5592107,1.2022222,2.9483333000000003,0.00577,1000,4.0,7,0.382652,8.7253,17
WS_11,WS,11,7,10,2000,1194.6,0.5972999999999999,1.2616787999999999,1.615176,1.2314101,2.8616667,0.00688,1000,4.0,7,0.382652,8.7253,17
WS_12,WS,12,3,10,2000,1318.2,0.6591,1.1747229000000001,1.4376187,1.1487178999999998,2.65,0.00477,1000,4.0,6,0.371733,8.6432,17
WS_12,WS,12,5,10,2000,1221.2,0.6106,1.2523376000000002,1.6104763000000002,1.2236322999999998,3.075,0.00569,1000,4.0,6,0.371733,8.6432,17
WS_12,WS,12,7,10,2000,1202.9,0.60145,1.2721725,1.6433335,1.2420162,3.2399999999999998,0.00741,1000,4.0,6,0.371733,8.6432,17
WS_13,WS,13,3,10,2000,1307.6,0.6538,1.1677941,1.4261703000000001,1.1434523,2.3857143,0.0057799999999999995,1000,4.0,7,0.376457,8.9593,17
WS_13,WS,13,5,10,2000,1205.6,0.6028,1.2519009,1.5936966,1.2191879,3.05,0.009729999999999999,1000,4.0,7,0.376457,8.9593,17
WS_13,WS,13,7,10,2000,1181.3,0.5906499999999999,1.2871179,1.6649660999999998,1.2480769,3.085,0.0074399999999999996,1000,4.0,7,0.376457,8.9593,17
WS_14,WS,14,3,10,2000,1317.2,0.6586000000000001,1.1757563,1.4619045,1.1479711,2.9,0.00603,1000,4.0,7,0.369743,8.8401,17
WS_14,WS,14,5,10,2000,1216.0,0.608,1.2560876,1.6119107,1.221111,3.1733333000000004,0.00553,1000,4.0,7,0.369743,8.8401,17
WS_14,WS,14,7,10,2000,1194.3,0.59715,1.284931,1.6686252,1.2489898,3.2999999000000004,0.00613,1000,4.0,7,0.369743,8.8401,17
WS_15,WS,15,3,10,2000,1318.9,0.65945,1.1688178,1.4214106,1.1455433,2.4,0.006529999999999999,1000,4.0,7,0.372576,8.9469,17
WS_15,WS,15,5,10,2000,1211.2,0.6056,1.2586347,1.6056846,1.2322647999999998,3.4285714,0.00462,1000,4.0,7,0.372576,8.9469,17
WS_15,WS,15,7,10,2000,1188.7,0.59435,1.2945701,1.6770197,1.2558441,3.3333332999999996,0.00698,1000,4.0,7,0.372576,8.9469,17
WS_16,WS,16,3,10,2000,1314.7,0.65735,1.1772525,1.4544117,1.1495462,2.7,0.0069099999999999995,1000,4.0,7,0.37389,8.8622,19
WS_16,WS,16,5,10,2000,1214.8,0.6073999999999999,1.2548654,1.6138096000000002,1.2227776,3.6533333,0.0054399999999999995,1000,4.0,7,0.37389,8.8622,19
WS_16,WS,16,7,10,2000,1190.4,0.5952,1.2897904,1.6905414,1.2498445,3.625,0.00549,1000,4.0,7,0.37389,8.8622,19
WS_17,WS,17,3,10,2000,1323.8,0.6618999999999999,1.1634806,1.4244622,1.1341345999999999,2.3166666,0.00375,1000,4.0,7,0.371376,8.7798,17
WS_17,WS,17,5,10,2000,1219.7,0.60985,1.24444,1.5780559,1.2133332,3.6583333000000002,0.0038,1000,4.0,7,0.371376,8.7798,17
WS_17,WS,17,7,10,2000,1196.1,0.59805,1.2731251000000001,1.6477653,1.2378204,2.8600000000000003,0.00682,1000,4.0,7,0.371376,8.7798,17
WS_18,WS,18,3,10,2000,1319.6,0.6597999999999999,1.1625319,1.4191664,1.1363705,2.5,0.00451,1000,4.0,6,0.369933,8.6992,18
WS_18,WS,18,5,10,2000,1220.1,0.61005,1.2459518,1.5830002,1.2133332,3.59,0.00528,1000,4.0,6,0.369933,8.6992,18
WS_18,WS,18,7,10,2000,1197.7,0.59885,1.2789875,1.6736716999999999,1.2369657,3.1666667,0.0052699999999999995,1000,4.0,6,0.369933,8.6992,18
WS_19,WS,19,3,10,2000,1346.3,0.67315,1.1600413,1.4223409999999999,1.1311507,2.7,0.00366,1000,4.0,6,0.349533,8.3634,17
WS_19,WS,19,5,10,2000,1242.8,0.6214000000000001,1.2345669,1.5864089,1.2022222,3.0300000000000002,0.00524,1000,4.0,6,0.349533,8.3634,17
WS_19,WS,19,7,10,2000,1220.0,0.6100000000000001,1.2705842999999999,1.6690953999999998,1.2286323,4.0333333,0.007880000000000002,1000,4.0,6,0.349533,8.3634,17
WS_20,WS,20,3,10,2000,1310.5,0.65525,1.1715746,1.423337,1.1504121,2.6,0.00401,1000,4.0,6,0.3733,9.0046,18
WS_20,WS,20,5,10,2000,1205.5,0.60275,1.2534161,1.5990537,1.2232049999999999,3.3,0.004860000000000001,1000,4.0,6,0.3733,9.0046,18
WS_20,WS,20,7,10,2000,1181.6,0.5908,1.295631,1.6770094,1.2601023,3.5833332999999996,0.00772,1000,4.0,6,0.3733,9.0046,18
WS_21,WS,21,3,10,2000,1332.0,0.666,1.161513,1.4258728,1.1303571,2.5,0.0031600000000000005,1000,4.0,7,0.366738,8.5484,17
WS_21,WS,21,5,10,2000,1227.5,0.61375,1.2385419,1.5878574,1.2066666,3.15,0.0050999999999999995,1000,4.0,7,0.366738,8.5484,17
WS_21,WS,21,7,10,2000,1204.8,0.6024,1.2816604,1.6834526,1.2397434999999999,3.875,0.006189999999999999,1000,4.0,7,0.366738,8.5484,17
WS_22,WS,22,3,10,2000,1332.5,0.66625,1.1648623,1.4256815,1.1350274,2.7,0.00563,1000,4.0,7,0.35871,8.5102,16
WS_22,WS,22,5,10,2000,1232.8,0.6164000000000001,1.2434999,1.5892522,1.211111,3.5,0.00495,1000,4.0,7,0.35871,8.5102,16
WS_22,WS,22,7,10,2000,1207.1,0.60355,1.2843442,1.6811193,1.2416665999999998,4.4833333,0.01018,1000,4.0,7,0.35871,8.5102,16
WS_23,WS,23,3,10,2000,1316.1,0.65805,1.1701222,1.4245235,1.1449633000000001,2.1666666,0.00487,1000,4.0,7,0.377329,8.7627,18
WS_23,WS,23,5,10,2000,1217.9,0.60895,1.2420307,1.5716148,1.2118252999999999,2.5892857,0.00513,1000,4.0,7,0.377329,8.7627,18
WS_23,WS,23,7,10,2000,1198.0,0.599,1.2723396,1.6350974999999999,1.2365384,3.1433333,0.0083,1000,4.0,7,0.377329,8.7627,18
WS_24,WS,24,3,10,2000,1322.0,0.661,1.1594742,1.4214284,1.1327380999999999,2.2,0.00575,1000,4.0,6,0.373,8.8771,18
WS_24,WS,24,5,10,2000,1209.8,0.6049,1.2470269999999999,1.5851689,1.2213308,2.8283334,0.00861,1000,4.0,6,0.373,8.8771,18
WS_24,WS,24,7,10,2000,1186.1,0.5930500000000001,1.2913432999999999,1.6790001,1.2526223,3.6166666999999997,0.0049099999999999994,1000,4.0,6,0.373,8.8771,18
WS_25,WS,25,3,10,2000,1309.1,0.65455,1.1686718,1.4361944,1.1451007,2.1619048,0.00417,1000,4.0,8,0.37995,9.0549,18
WS_25,WS,25,5,10,2000,1202.9,0.60145,1.2587607,1.601016,1.2338888,2.5033333,0.00625,1000,4.0,8,0.37995,9.0549,18
WS_25,WS,25,7,10,2000,1179.4,0.5897,1.2886833000000002,1.6688572999999998,1.2561218,3.3666666999999997,0.0058,1000,4.0,8,0.37995,9.0549,18
WS_26,WS,26,3,10,2000,1304.5,0.65225,1.1810224999999999,1.4430773000000001,1.1607685,2.275,0.006410000000000001,1000,4.0,6,0.386,9.0462,23
WS_26,WS,26,5,10,2000,1208.8,0.6044,1.2547503,1.5939682000000002,1.2283332,2.4483333000000003,0.00479,1000,4.0,6,0.386,9.0462,23
WS_26,WS,26,7,10,2000,1183.9,0.59195,1.2842024,1.6528033,1.2582827,2.8283334,0.006320000000000001,1000,4.0,6,0.386,9.0462,23
WS_27,WS,27,3,10,2000,1325.0,0.6625,1.1611448000000002,1.4183411,1.1329563,2.3333333,0.00439,1000,4.0,6,0.366633,8.5455,17
WS_27,WS,27,5,10,2000,1225.2,0.6126,1.2332526,1.5532097,1.2066666,2.9216667000000003,0.0051199999999999996,1000,4.0,6,0.366633,8.5455,17
WS_27,WS,27,7,10,2000,1203.6,0.6018,1.2624619,1.6342235999999999,1.2333332,2.68,0.0055,1000,4.0,6,0.366633,8.5455,17
WS_28,WS,28,3,10,2000,1312.2,0.6561,1.1726937,1.4391538000000001,1.1463828,2.0133333,0.00654,1000,4.0,8,0.37416,8.8283,19
WS_28,WS,28,5,10,2000,1211.8,0.6059,1.24154,1.5882144999999999,1.2137372,3.2666665999999998,0.0064600000000000005,1000,4.0,8,0.37416,8.8283,19
WS_28,WS,28,7,10,2000,1190.0,0.595,1.2849962,1.6714704,1.2526223,3.2083333000000005,0.0078,1000,4.0,8,0.37416,8.8283,19
WS_29,WS,29,3,10,2000,1315.6,0.6578,1.1638484,1.4364283,1.1327380999999999,2.7,0.0054800000000000005,1000,4.0,7,0.38011,8.6353,16
WS_29,WS,29,5,10,2000,1216.6,0.6083000000000001,1.2443183,1.5911966,1.211111,3.8,0.00679,1000,4.0,7,0.38011,8.6353,16
WS_29,WS,29,7,10,2000,1192.8,0.5964,1.2813509,1.6640000999999998,1.2416665999999998,4.55,0.0086,1000,4.0,7,0.38011,8.6353,16
