graph_id,topology,instance_id,t_limit,avg_stretch,p95_stretch,max_stretch,edge_retention_ratio,build_time_sec,failed_pairs_count,nodes,avg_shortest_path_length,diameter,clustering_coefficient,additive_hops,theoretical_slack,budget_consumed_pct
BA_00,BA,0,3,1.0985084,1.4543333,2.1666666,0.9198900999999999,0.0212,0,1000,4.0945,7,0.026637,0.40334264380000023,0.8333333999999999,36.616946666666664
BA_00,BA,0,5,1.3309749,2.0,3.55,0.7640279999999999,0.05740000000000001,0,1000,4.0945,7,0.026637,1.3551767280499998,1.4500000000000002,26.619497999999997
BA_00,BA,0,7,1.6173802000000002,2.5833334999999997,6.4,0.6495995999999999,0.07504999999999999,0,1000,4.0945,7,0.026637,2.5278632289000007,0.5999999999999996,23.10543142857143
BA_01,BA,1,3,1.1021634,1.4651666,2.7,0.9147297999999999,0.01925,0,1000,4.0286,8,0.028921,0.41157547324000004,0.2999999999999998,36.73878
BA_01,BA,1,5,1.3382351,2.0,3.6,0.7581663,0.055779999999999996,0,1000,4.0286,8,0.028921,1.3626139238599997,1.4,26.764701999999996
BA_01,BA,1,7,1.5985749999999999,2.4174999,4.85,0.6483972,0.09486,0,1000,4.0286,8,0.028921,2.4114192449999994,2.1500000000000004,22.83678571428571
BA_02,BA,2,3,1.0971184,1.4833333,2.2333333,0.9180364000000001,0.01901,0,1000,4.1513,7,0.01466,0.4031676139200002,0.7666667,36.570613333333334
BA_02,BA,2,5,1.314605,2.0,4.3,0.7699899,0.05415,0,1000,4.1513,7,0.01466,1.3060197365000001,0.7000000000000002,26.2921
BA_02,BA,2,7,1.5773516,2.3508331,6.1,0.6554613,0.07526,0,1000,4.1513,7,0.01466,2.3967596970800003,0.9000000000000004,22.533594285714287
BA_03,BA,3,3,1.0992616,1.4333332,3.0,0.9258019000000001,0.01863,0,1000,4.0546,7,0.024483,0.4024660833599998,0.0,36.64205333333333
BA_03,BA,3,5,1.3366166,2.0,4.7,0.7556112,0.06094000000000001,0,1000,4.0546,7,0.024483,1.3648456663599997,0.2999999999999998,26.732331999999996
BA_03,BA,3,7,1.6253567,2.4674999,6.2,0.6478962,0.08571999999999999,0,1000,4.0546,7,0.024483,2.5355712758199997,0.7999999999999998,23.219381428571428
BA_04,BA,4,3,1.0823035,1.4003332,2.4,0.9190384,0.0187,0,1000,4.0764,7,0.034723,0.3355019874000003,0.6000000000000001,36.07678333333333
BA_04,BA,4,5,1.3185334000000002,2.0,3.8,0.7567635,0.0528,0,1000,4.0764,7,0.034723,1.2984695517600007,1.2000000000000002,26.370668000000002
BA_04,BA,4,7,1.5972117000000001,2.3499997,5.55,0.6461928,0.08468,0,1000,4.0764,7,0.034723,2.43447377388,1.4500000000000002,22.817310000000003
BA_05,BA,5,3,1.072005,1.3499997000000001,2.55,0.9318139000000001,0.01983,0,1000,4.1789,7,0.014913,0.30090169450000037,0.4500000000000002,35.7335
BA_05,BA,5,5,1.2951766,1.975,4.1,0.7749498,0.057620000000000005,0,1000,4.1789,7,0.014913,1.2335134937399999,0.9000000000000004,25.903532000000002
BA_05,BA,5,7,1.56943,2.3499997,5.4,0.6560625,0.08338999999999999,0,1000,4.1789,7,0.014913,2.379591027,1.5999999999999996,22.420428571428573
BA_06,BA,6,3,1.1082749,1.4805,2.65,0.9155815,0.01678,0,1000,4.0492,7,0.0298,0.43842672508000025,0.3500000000000001,36.94249666666667
BA_06,BA,6,5,1.3241884000000002,2.0,4.4,0.764529,0.054000000000000006,0,1000,4.0492,7,0.0298,1.3127036692800005,0.5999999999999996,26.483768
BA_06,BA,6,7,1.5913694,2.333333,6.3,0.6506516999999999,0.07833,0,1000,4.0492,7,0.0298,2.39457297448,0.7000000000000002,22.733848571428574
BA_07,BA,7,3,1.0834915999999999,1.3904998000000002,2.2333333,0.9249502,0.02164,0,1000,4.1226,7,0.017293,0.34420247015999955,0.7666667,36.11638666666666
BA_07,BA,7,5,1.3080268,2.0,4.0,0.7660821,0.05635,0,1000,4.1226,7,0.017293,1.2698712856799999,1.0,26.160536
BA_07,BA,7,7,1.5833766,2.333333,5.3,0.6519543,0.08299,0,1000,4.1226,7,0.017293,2.4050283711600002,1.7000000000000002,22.619665714285713
BA_08,BA,8,3,1.0920649,1.4333332,2.2,0.9233971000000001,0.02214,0,1000,4.0713,8,0.015079,0.37482382737000003,0.7999999999999998,36.402163333333334
BA_08,BA,8,5,1.3283246,2.0,4.2,0.7616733,0.06343,0,1000,4.0713,8,0.015079,1.3367079439799998,0.7999999999999998,26.566491999999997
BA_08,BA,8,7,1.6047292,2.4841666,6.0,0.6445896,0.0903,0,1000,4.0713,8,0.015079,2.46203399196,1.0,22.924702857142858
BA_09,BA,9,3,1.093416,1.4166665,2.15,0.9255013,0.020810000000000002,0,1000,4.1025,7,0.027416,0.38323913999999976,0.8500000000000001,36.447199999999995
BA_09,BA,9,5,1.3152965,2.0,3.8,0.773046,0.052649999999999995,0,1000,4.1025,7,0.027416,1.2935038912500003,1.2000000000000002,26.30593
BA_09,BA,9,7,1.5920187000000001,2.4174999,6.0,0.6495495,0.08984,0,1000,4.1025,7,0.027416,2.4287567167500006,1.0,22.743124285714288
BA_10,BA,10,3,1.0897717,1.4214999000000001,2.65,0.9192387999999999,0.02086,0,1000,4.035,7,0.022121,0.3622288095,0.3500000000000001,36.32572333333333
BA_10,BA,10,5,1.3331984000000001,2.0,3.8,0.7560621000000001,0.05944000000000001,0,1000,4.035,7,0.022121,1.3444555440000006,1.2000000000000002,26.663968000000004
BA_10,BA,10,7,1.6024401000000001,2.4333332,4.7,0.6388782,0.07467,0,1000,4.035,7,0.022121,2.4308458035000005,2.3,22.892001428571433
BA_11,BA,11,3,1.0878666,1.4169999,2.25,0.9240985,0.01603,0,1000,4.138,7,0.024599,0.3635919907999996,0.75,36.26221999999999
BA_11,BA,11,5,1.2988759,1.975,3.7,0.7714928999999999,0.061,0,1000,4.138,7,0.024599,1.2367484742000003,1.2999999999999998,25.977518
BA_11,BA,11,7,1.5638935,2.3508331,4.95,0.6530565,0.09072,0,1000,4.138,7,0.024599,2.333391303,2.05,22.341335714285716
BA_12,BA,12,3,1.1044266999999999,1.5,2.45,0.9102207999999999,0.017410000000000002,0,1000,4.0953,8,0.025964,0.42765866450999945,0.5499999999999998,36.81422333333333
BA_12,BA,12,5,1.3245584000000001,2.0,3.95,0.762525,0.053590000000000006,0,1000,4.0953,8,0.025964,1.3291640155200006,1.0499999999999998,26.491168000000005
BA_12,BA,12,7,1.5863684,2.3999998000000002,5.15,0.6473952,0.08383,0,1000,4.0953,8,0.025964,2.40135450852,1.8499999999999996,22.662405714285715
BA_13,BA,13,3,1.1109548999999999,1.5400000999999999,2.7,0.9066637,0.0222,0,1000,3.9749,7,0.041738,0.4410346320099994,0.2999999999999998,37.03182999999999
BA_13,BA,13,5,1.3436992,2.0,3.9,0.7468437,0.06655,0,1000,3.9749,7,0.041738,1.3661699500800004,1.1,26.873984
BA_13,BA,13,7,1.6257352999999999,2.5666668,4.45,0.637776,0.0767,0,1000,3.9749,7,0.041738,2.4872352439699994,2.55,23.22479
BA_14,BA,14,3,1.0979766,1.4841666999999998,2.2,0.9120744999999999,0.02049,0,1000,4.0218,7,0.037074,0.39404228987999984,0.7999999999999998,36.59922
BA_14,BA,14,5,1.3240565,2.0,4.25,0.7520541,0.06389,0,1000,4.0218,7,0.037074,1.3032904316999998,0.75,26.481129999999997
BA_14,BA,14,7,1.5893421,2.3841664000000002,5.8,0.6390786,0.09384,0,1000,4.0218,7,0.037074,2.3702160577800004,1.2000000000000002,22.704887142857146
BA_15,BA,15,3,1.0924232,1.4466666,2.4333333,0.9105715,0.02027,0,1000,4.0769,7,0.037788,0.3768001440800002,0.5666666999999999,36.41410666666667
BA_15,BA,15,5,1.3204784999999999,2.0,4.05,0.7573146,0.06368,0,1000,4.0769,7,0.037788,1.3065587966499996,0.9500000000000002,26.40957
BA_15,BA,15,7,1.5992317,2.3833331,6.3,0.6469443,0.09652000000000001,0,1000,4.0769,7,0.037788,2.4430077177300005,0.7000000000000002,22.846167142857144
BA_16,BA,16,3,1.1124918000000001,1.4841666,2.6,0.907315,0.02427,0,1000,3.9934,7,0.032621,0.44922475412000057,0.3999999999999999,37.08306
BA_16,BA,16,5,1.3533933,2.0,3.85,0.7505010000000001,0.07056,0,1000,3.9934,7,0.032621,1.41124080422,1.15,27.067866000000002
BA_16,BA,16,7,1.6318684,2.5341667,5.45,0.6409322000000001,0.08445,0,1000,3.9934,7,0.032621,2.5233032685600003,1.5499999999999998,23.312405714285717
BA_17,BA,17,3,1.1008567,1.5,2.7333333,0.9064132,0.024890000000000002,0,1000,3.9755,7,0.021996,0.40095581085000004,0.26666670000000003,36.69522333333333
BA_17,BA,17,5,1.3449984000000001,2.0,4.2,0.7481462999999999,0.06266000000000001,0,1000,3.9755,7,0.021996,1.3715411392000005,0.7999999999999998,26.899968
BA_17,BA,17,7,1.6251668,2.4499999,5.9,0.6355215000000001,0.09623000000000001,0,1000,3.9755,7,0.021996,2.4853506133999996,1.0999999999999996,23.21666857142857
BA_18,BA,18,3,1.10683,1.4833333,2.5,0.911824,0.025619999999999997,0,1000,3.9717,8,0.034036,0.4242967109999999,0.5,36.894333333333336
BA_18,BA,18,5,1.3506591000000001,2.0,3.9,0.748998,0.06167,0,1000,3.9717,8,0.034036,1.3927127474700003,1.1,27.013182
BA_18,BA,18,7,1.6261423000000002,2.5,4.7,0.6354212,0.09637,0,1000,3.9717,8,0.034036,2.4868493729100005,2.3,23.23060428571429
BA_19,BA,19,3,1.0910883,1.4006666,2.2,0.920341,0.02101,0,1000,4.0988,7,0.017951,0.37335272404000003,0.7999999999999998,36.36961
BA_19,BA,19,5,1.3105594999999999,2.0,4.1,0.7668837,0.058309999999999994,0,1000,4.0988,7,0.017951,1.2729212785999995,0.9000000000000004,26.211189999999995
BA_19,BA,19,7,1.585782,2.3666664,4.9,0.6506516999999999,0.08052000000000001,0,1000,4.0988,7,0.017951,2.4010032616,2.0999999999999996,22.654028571428572
BA_20,BA,20,3,1.10929,1.49,2.3666666,0.9057118,0.0196,0,1000,3.9889,7,0.033464,0.43594688100000045,0.6333334000000002,36.976333333333336
BA_20,BA,20,5,1.3499567,2.0,3.8,0.7508016,0.0634,0,1000,3.9889,7,0.033464,1.3959422806299997,1.2000000000000002,26.999133999999998
BA_20,BA,20,7,1.6225768999999999,2.4674999,5.15,0.6399303,0.09272,0,1000,3.9889,7,0.033464,2.48339699641,1.8499999999999996,23.179669999999998
BA_21,BA,21,3,1.0945633000000001,1.4399999,2.2333333,0.9237979,0.01718,0,1000,4.1164,7,0.021939,0.3892603681200005,0.7666667,36.485443333333336
BA_21,BA,21,5,1.3235417,2.0,3.9,0.7626753,0.052000000000000005,0,1000,4.1164,7,0.021939,1.3318270538800001,1.1,26.470834
BA_21,BA,21,7,1.5880817,2.3674998,5.4,0.6498,0.07826999999999999,0,1000,4.1164,7,0.021939,2.42077950988,1.5999999999999996,22.68688142857143
BA_22,BA,22,3,1.1043059,1.5,2.05,0.9053611,0.0227,0,1000,3.9785,7,0.021116,0.4149810231499998,0.9500000000000002,36.81019666666667
BA_22,BA,22,5,1.3508312999999998,2.0,3.95,0.7452405,0.06182,0,1000,3.9785,7,0.021116,1.3957823270499994,1.0499999999999998,27.016626
BA_22,BA,22,7,1.6236906000000002,2.5016667,4.5,0.6374253000000001,0.08669,0,1000,3.9785,7,0.021116,2.4813530521000007,2.5,23.195580000000003
BA_23,BA,23,3,1.0948883,1.4666666,2.2,0.9188881,0.017230000000000002,0,1000,4.0301,8,0.027002,0.38240933783000014,0.7999999999999998,36.49627666666667
BA_23,BA,23,5,1.3338767,2.0,4.2,0.7556111999999999,0.04959,0,1000,4.0301,8,0.027002,1.3455564886700002,0.7999999999999998,26.677534
BA_23,BA,23,7,1.6136115,2.5,5.7,0.6412329,0.09226,0,1000,4.0301,8,0.027002,2.47291570615,1.2999999999999998,23.051592857142857
BA_24,BA,24,3,1.0971917,1.4841666999999998,2.4333333,0.9217438,0.0183,0,1000,4.0892,7,0.021616,0.39743629963999993,0.5666666999999999,36.573056666666666
BA_24,BA,24,5,1.3284467,2.0,3.8,0.7587675,0.056369999999999996,0,1000,4.0892,7,0.021616,1.3430842456399998,1.2000000000000002,26.568934
BA_24,BA,24,7,1.5994099,2.3508331,5.8,0.6496497,0.07382999999999999,0,1000,4.0892,7,0.021616,2.4511069630799995,1.2000000000000002,22.848712857142857
BA_25,BA,25,3,1.0851285000000002,1.3571664,2.6,0.9209422,0.0162,0,1000,4.1263,7,0.027861,0.3512657295500006,0.3999999999999999,36.170950000000005
BA_25,BA,25,5,1.3115225000000001,1.975,4.65,0.7689879000000001,0.05582,0,1000,4.1263,7,0.027861,1.2854352917500005,0.34999999999999964,26.230450000000005
BA_25,BA,25,7,1.5712766999999999,2.333333,5.7,0.6505515,0.09093,0,1000,4.1263,7,0.027861,2.357259047209999,1.2999999999999998,22.44681
BA_26,BA,26,3,1.0916266000000001,1.4333332,2.15,0.9212427999999999,0.019450000000000002,0,1000,4.0131,7,0.020806,0.3677067084600004,0.8500000000000001,36.38755333333334
BA_26,BA,26,5,1.3380383,2.0,3.6,0.7540581,0.05874,0,1000,4.0131,7,0.020806,1.35658150173,1.4,26.760766000000004
BA_26,BA,26,7,1.6034568,2.3999998000000002,4.9,0.6399303,0.09234,0,1000,4.0131,7,0.020806,2.42173248408,2.0999999999999996,22.906525714285713
BA_27,BA,27,3,1.1047449999999999,1.4833333,2.75,0.9149803000000001,0.025869999999999997,0,1000,3.9958,7,0.025354,0.41854007099999946,0.25,36.82483333333333
BA_27,BA,27,5,1.3493617,2.0,4.15,0.751503,0.07147,0,1000,3.9958,7,0.025354,1.39597948086,0.8499999999999996,26.987233999999997
BA_27,BA,27,7,1.6180633,2.5008333,5.7,0.6408822,0.08662,0,1000,3.9958,7,0.025354,2.46965733414,1.2999999999999998,23.11519
BA_28,BA,28,3,1.091485,1.4399999,2.25,0.9242988999999999,0.01867,0,1000,4.1365,7,0.023469,0.37842770250000013,0.75,36.38283333333334
BA_28,BA,28,5,1.3143005,2.0,3.7,0.7659317999999999,0.07046,0,1000,4.1365,7,0.023469,1.3001040182500003,1.2999999999999998,26.286010000000005
BA_28,BA,28,7,1.5839656,2.3508331,5.2,0.6541086,0.09889,0,1000,4.1365,7,0.023469,2.4155737044,1.7999999999999998,22.62808
BA_29,BA,29,3,1.108845,1.5,2.3333333,0.9135274000000001,0.02383,0,1000,3.9744,7,0.030241,0.4325935680000003,0.6666667,36.9615
BA_29,BA,29,5,1.3570443,2.0,4.3,0.7514027999999999,0.06911,0,1000,3.9744,7,0.030241,1.4190368659200003,0.7000000000000002,27.140886000000002
BA_29,BA,29,7,1.6299229,2.4674999,5.45,0.6364232999999999,0.08494,0,1000,3.9744,7,0.030241,2.50356557376,1.5499999999999998,23.284612857142857
ER_00,ER,0,3,1.0088108,1.0,1.5300001,0.9812879999999999,0.0087,0,1000,5.2018,25,0.006433,0.045832019440000045,1.4699999,33.627026666666666
ER_00,ER,0,5,1.1229657,1.5005,3.8,0.8651621,0.03561,0,1000,5.2018,25,0.006433,0.6396429782599998,1.2000000000000002,22.459314
ER_00,ER,0,7,1.3460227,2.0,5.1,0.7188999,0.06922,0,1000,5.2018,25,0.006433,1.7999408808600001,1.9000000000000004,19.228895714285716
ER_01,ER,1,3,1.0125431,1.0339584,1.8000001,0.9792936000000001,0.00817,0,1000,5.3265,24,0.003187,0.06681082215000016,1.1999999,33.75143666666667
ER_01,ER,1,5,1.1009899,1.5,3.6,0.8847400000000001,0.03711,0,1000,5.3265,24,0.003187,0.5379227023500004,1.4,22.019798
ER_01,ER,1,7,1.3051249,1.9600000000000002,5.35,0.747841,0.06773,0,1000,5.3265,24,0.003187,1.6252477798500002,1.6500000000000004,18.64464142857143
ER_02,ER,2,3,1.0139884000000001,1.1315081999999999,1.666667,0.9749623,0.00957,0,1000,5.5664,29,0.005876,0.07786502976000068,1.333333,33.79961333333334
ER_02,ER,2,5,1.1036313,1.5,2.6333333,0.8831410999999999,0.034800000000000005,0,1000,5.5664,29,0.005876,0.5768532683199998,2.3666667,22.072626
ER_02,ER,2,7,1.2970698,1.9600000000000002,4.9666667,0.755946,0.06508,0,1000,5.5664,29,0.005876,1.6536093347200003,2.0333333,18.529568571428573
ER_03,ER,3,3,1.0123956,1.0368656,1.7500001,0.9774,0.00771,0,1000,5.3678,26,0.005223,0.06653710168000034,1.2499999,33.746520000000004
ER_03,ER,3,5,1.1012138,1.4905,2.75,0.88765,0.03467,0,1000,5.3678,26,0.005223,0.54329543564,2.25,22.024276
ER_03,ER,3,7,1.2989916,1.98,4.6,0.75835,0.05689999999999999,0,1000,5.3678,26,0.005223,1.6049271104799996,2.4000000000000004,18.557022857142854
ER_04,ER,4,3,1.0106122000000002,1.0002174,1.8666668000000002,0.9810291,0.00642,0,1000,5.7693,34,0.004004,0.06122496546000106,1.1333331999999998,33.68707333333334
ER_04,ER,4,5,1.0958508999999999,1.4705,4.1,0.89223,0.028239999999999998,0,1000,5.7693,34,0.004004,0.5529925973699992,0.9000000000000004,21.917017999999995
ER_04,ER,4,7,1.2750553999999998,1.8050000000000002,4.6,0.7681129,0.06146,0,1000,5.7693,34,0.004004,1.586877119219999,2.4000000000000004,18.21507714285714
ER_05,ER,5,3,1.0122101,1.0461689,1.7333336,0.9796965,0.00885,0,1000,5.3014,23,0.002762,0.06473062413999942,1.2666664,33.740336666666664
ER_05,ER,5,5,1.1035689,1.4905,3.9,0.882681,0.036309999999999995,0,1000,5.3014,23,0.002762,0.5490601664599998,1.1,22.071378
ER_05,ER,5,7,1.3031798,1.9552500000000002,4.75,0.7509296,0.06629,0,1000,5.3014,23,0.002762,1.6072773917200007,2.25,18.616854285714286
ER_06,ER,6,3,1.0132366,1.0443751,1.9000001000000002,0.9814417000000001,0.00703,0,1000,5.3692,22,0.002069,0.07106995271999964,1.0999998999999998,33.77455333333333
ER_06,ER,6,5,1.0989457999999999,1.4905,4.2833333,0.898722,0.027979999999999998,0,1000,5.3692,22,0.002069,0.5312597893599993,0.7166667000000002,21.978915999999998
ER_06,ER,6,7,1.2909896,1.9600000000000002,4.8,0.7739263000000001,0.06817,0,1000,5.3692,22,0.002069,1.5623813603200005,2.2,18.44270857142857
ER_07,ER,7,3,1.0092257,1.0,1.8000001,0.9842394000000001,0.01,0,1000,5.2976,23,0.001581,0.04887406832000002,1.1999999,33.64085666666667
ER_07,ER,7,5,1.1103718,1.5,3.2,0.8835475,0.03247,0,1000,5.2976,23,0.001581,0.5847056476800001,1.7999999999999998,22.207436
ER_07,ER,7,7,1.3227093,2.0,5.5,0.7482706,0.07802,0,1000,5.2976,23,0.001581,1.7095847876800006,1.5,18.895847142857143
ER_08,ER,8,3,1.0121088,1.0315502,1.7166668999999999,0.9790428999999999,0.00794,0,1000,5.8147,34,0.003288,0.07040903936000018,1.2833331000000001,33.736959999999996
ER_08,ER,8,5,1.1027882999999998,1.5,2.6333333,0.8874055000000001,0.028460000000000003,0,1000,5.8147,34,0.003288,0.597683128009999,2.3666667,22.055765999999995
ER_08,ER,8,7,1.2978986,1.98,5.2,0.7638288,0.06726,0,1000,5.8147,34,0.003288,1.7321909894199994,1.7999999999999998,18.54140857142857
ER_09,ER,9,3,1.0096848,1.0,1.666667,0.9803006999999999,0.00742,0,1000,5.2961,18,0.002403,0.05129166928000026,1.333333,33.65616
ER_09,ER,9,5,1.1000313,1.49,3.3333332999999996,0.8880201,0.0293,0,1000,5.2961,18,0.002403,0.5297757679299997,1.6666667000000004,22.000625999999997
ER_09,ER,9,7,1.2977725,1.9609999999999999,4.95,0.7637092,0.0558,0,1000,5.2961,18,0.002403,1.57703293725,2.05,18.539607142857143
ER_10,ER,10,3,1.0165846,1.1436667999999999,1.8666668000000002,0.9773,0.00844,0,1000,5.4405,28,0.002195,0.09022851630000032,1.1333331999999998,33.88615333333333
ER_10,ER,10,5,1.1121432,1.5,3.8,0.8847999999999999,0.034499999999999996,0,1000,5.4405,28,0.002195,0.6101150796,1.2000000000000002,22.242864
ER_10,ER,10,7,1.3177888,2.0,5.25,0.7527,0.05978,0,1000,5.4405,28,0.002195,1.7289299664,1.75,18.825554285714286
ER_11,ER,11,3,1.0152668,1.1675001,1.7000001999999999,0.9773453999999999,0.006810000000000001,0,1000,5.1871,20,0.003728,0.07919041828000013,1.2999998000000001,33.84222666666667
ER_11,ER,11,5,1.1069138,1.49,2.8666667,0.8819153,0.0341,0,1000,5.1871,20,0.003728,0.5545725719800003,2.1333333,22.138276
ER_11,ER,11,7,1.3186728,2.0,5.45,0.7511424,0.07041,0,1000,5.1871,20,0.003728,1.6529876808800006,1.5499999999999998,18.838182857142858
ER_12,ER,12,3,1.0144822,1.0732251,2.1000001999999998,0.978675,0.01112,0,1000,5.1237,19,0.001903,0.07420244814,0.8999998000000002,33.816073333333335
ER_12,ER,12,5,1.1111736,1.5,3.4833332999999995,0.8779496999999999,0.03084,0,1000,5.1237,19,0.001903,0.5696201743200006,1.5166667000000005,22.223472
ER_12,ER,12,7,1.3258575000000001,2.0,6.25,0.7415860000000001,0.07507,0,1000,5.1237,19,0.001903,1.6695960727500008,0.75,18.940821428571432
ER_13,ER,13,3,1.0126433000000001,1.0339683,1.8000002,0.9795633,0.00964,0,1000,5.2575,24,0.003169,0.06647214975000071,1.1999998,33.75477666666667
ER_13,ER,13,5,1.1165753,1.5,2.85,0.8730583,0.038650000000000004,0,1000,5.2575,24,0.003169,0.6128946397500002,2.15,22.331506
ER_13,ER,13,7,1.3291525,2.0,4.05,0.7358738,0.06762,0,1000,5.2575,24,0.003169,1.73051926875,2.95,18.987892857142857
ER_14,ER,14,3,1.0107416,1.0142856999999998,1.7333334999999999,0.9805927000000001,0.00639,0,1000,5.3509,27,0.003948,0.0574772274400001,1.2666665000000001,33.691386666666666
ER_14,ER,14,5,1.105379,1.5,2.6166666,0.8809383000000001,0.03059,0,1000,5.3509,27,0.003948,0.5638724910999995,2.3833334,22.10758
ER_14,ER,14,7,1.3255048,2.0,6.25,0.7470124,0.07238,0,1000,5.3509,27,0.003948,1.7417436343200003,0.75,18.935782857142858
ER_15,ER,15,3,1.0116795,1.0321827,1.8833334000000002,0.9803139,0.00966,0,1000,5.1708,18,0.004559,0.060392358600000334,1.1166665999999998,33.72265
ER_15,ER,15,5,1.1101126000000001,1.4905,4.5,0.8836525,0.04278,0,1000,5.1708,18,0.004559,0.5693702320800006,0.5,22.202252
ER_15,ER,15,7,1.321111,1.94,5.9,0.74973,0.07855999999999999,0,1000,5.1708,18,0.004559,1.6604007587999996,1.0999999999999996,18.873014285714284
ER_16,ER,16,3,1.0124079,1.0550001,1.6500002999999999,0.9772983999999999,0.01018,0,1000,5.4395,24,0.004613,0.06749277204999954,1.3499997000000001,33.74693
ER_16,ER,16,5,1.1127372,1.5,3.4833332999999995,0.8803960999999999,0.03364,0,1000,5.4395,24,0.004613,0.6132339993999999,1.5166667000000005,22.254744
ER_16,ER,16,7,1.309626,1.98,5.1,0.7575419,0.06856,0,1000,5.4395,24,0.004613,1.6842106269999997,1.9000000000000004,18.70894285714286
ER_17,ER,17,3,1.0111715000000001,1.0370636,1.6333335999999998,0.9799706,0.013930000000000001,0,1000,5.3927,25,0.00602,0.060244548050000596,1.3666664000000002,33.70571666666667
ER_17,ER,17,5,1.1048236,1.5,4.05,0.8853840999999999,0.035449999999999995,0,1000,5.3927,25,0.00602,0.56528222772,0.9500000000000002,22.096472
ER_17,ER,17,7,1.2961614,1.98,5.05,0.7538881,0.06257,0,1000,5.3927,25,0.00602,1.5971095817799994,1.9500000000000002,18.516591428571427
ER_18,ER,18,3,1.0099709000000001,1.0166667,1.6583335,0.9837277999999999,0.007150000000000001,0,1000,5.6104,30,0.003553,0.05594073736000065,1.3416665,33.66569666666667
ER_18,ER,18,5,1.0990522,1.5,3.6833333,0.8931486,0.03297,0,1000,5.6104,30,0.003553,0.5557224628800003,1.3166666999999999,21.981044
ER_18,ER,18,7,1.2897697,2.0,5.45,0.7663979000000001,0.06471,0,1000,5.6104,30,0.003553,1.6257239248799995,1.5499999999999998,18.425281428571427
ER_19,ER,19,3,1.012588,1.0130556,2.3000001,0.9807132,0.0089,0,1000,5.5738,34,0.004317,0.07016299440000025,0.6999998999999999,33.75293333333333
ER_19,ER,19,5,1.1011855000000002,1.5,3.55,0.8904069,0.03811,0,1000,5.5738,34,0.004317,0.5639877399000008,1.4500000000000002,22.02371
ER_19,ER,19,7,1.3036189999999999,1.98,4.7,0.7574586,0.06986,0,1000,5.5738,34,0.004317,1.6923115821999992,2.3,18.62312857142857
ER_20,ER,20,3,1.0160401000000001,1.1577382999999999,1.8333334999999997,0.9785363,0.00643,0,1000,5.2635,25,0.002392,0.08442706635000059,1.1666665000000003,33.868003333333334
ER_20,ER,20,5,1.1080879,1.5,3.1166666,0.880894,0.03735,0,1000,5.2635,25,0.002392,0.5689206616499994,1.8833334000000002,22.161758
ER_20,ER,20,7,1.3224658,2.0,6.2,0.7466109000000001,0.06057,0,1000,5.2635,25,0.002392,1.6972987383,0.7999999999999998,18.892368571428573
ER_21,ER,21,3,1.009779,1.0,1.5333334,0.9803289999999999,0.00608,0,1000,5.3707,24,0.004947,0.052520075299999906,1.4666666,33.659299999999995
ER_21,ER,21,5,1.1048278,1.5,3.9,0.8853085999999999,0.03555,0,1000,5.3707,24,0.004947,0.5629986654600002,1.1,22.096556
ER_21,ER,21,7,1.3093933,1.9,4.7,0.7553286,0.06362999999999999,0,1000,5.3707,24,0.004947,1.66165859631,2.3,18.70561857142857
ER_22,ER,22,3,1.0087234999999999,1.0,1.6400002999999999,0.9850766999999999,0.00693,0,1000,5.4919,24,0.002199,0.04790858964999937,1.3599997000000001,33.624116666666666
ER_22,ER,22,5,1.0951019,1.4705,3.6333333000000003,0.8983588000000001,0.03003,0,1000,5.4919,24,0.002199,0.5222901246099998,1.3666666999999997,21.902037999999997
ER_22,ER,22,7,1.2916041,1.9010000000000002,5.5,0.7678461000000001,0.06305000000000001,0,1000,5.4919,24,0.002199,1.6014605567900002,1.5,18.451487142857143
ER_23,ER,23,3,1.0058365,1.0,1.6233335999999998,0.9897007,0.012390000000000002,0,1000,5.3164,26,0.003231,0.03102916860000012,1.3766664000000002,33.527883333333335
ER_23,ER,23,5,1.0971678,1.4905,3.2,0.8925943999999999,0.03547,0,1000,5.3164,26,0.003231,0.5165828919200001,1.7999999999999998,21.943356
ER_23,ER,23,7,1.3183426,1.98,6.45,0.7549779,0.08,0,1000,5.3164,26,0.003231,1.69243659864,0.5499999999999998,18.833465714285715
ER_24,ER,24,3,1.0107196999999999,1.0,1.7333334999999999,0.9827062,0.00886,0,1000,5.1925,18,0.003663,0.05566204224999942,1.2666665000000001,33.69065666666666
ER_24,ER,24,5,1.1011298,1.5,2.8833333,0.8875914,0.03857,0,1000,5.1925,18,0.003663,0.5251164865000002,2.1166667,22.022596
ER_24,ER,24,7,1.3124948,2.0,5.75,0.7513434,0.06494,0,1000,5.1925,18,0.003663,1.6226292490000003,1.25,18.749925714285716
ER_25,ER,25,3,1.0129889,1.0576191,2.1500001,0.9788641,0.0083,0,1000,5.2261,21,0.003808,0.06788129029000042,0.8499998999999998,33.76629666666667
ER_25,ER,25,5,1.1103514,1.5,3.15,0.8829136999999999,0.04506,0,1000,5.2261,21,0.003808,0.5767074515400005,1.85,22.207028
ER_25,ER,25,7,1.3149519,2.0,5.85,0.7513086999999999,0.08398,0,1000,5.2261,21,0.003808,1.6459701245900002,1.1500000000000004,18.785027142857142
ER_26,ER,26,3,1.0154633,1.1180963,1.9333334,0.9746964,0.01283,0,1000,5.3254,28,0.004903,0.08234825781999977,1.0666666,33.848776666666666
ER_26,ER,26,5,1.1080207999999998,1.5,3.6666667000000004,0.8803303,0.03868,0,1000,5.3254,28,0.004903,0.575253968319999,1.3333332999999996,22.160415999999998
ER_26,ER,26,7,1.3133267,1.9611667000000002,6.1,0.7474988,0.08166999999999999,0,1000,5.3254,28,0.004903,1.6685900081799998,0.9000000000000004,18.761809999999997
ER_27,ER,27,3,1.0081676,1.0,1.8500001000000001,0.9830094,0.01193,0,1000,5.3012,22,0.002795,0.043298081119999686,1.1499998999999999,33.60558666666667
ER_27,ER,27,5,1.1023713000000002,1.4605000000000001,4.35,0.8886397,0.03799,0,1000,5.3012,22,0.002795,0.5426907355600008,0.6500000000000004,22.047426
ER_27,ER,27,7,1.3028241,1.98,5.7,0.760837,0.08254,0,1000,5.3012,22,0.002795,1.6053311189200001,1.2999999999999998,18.611772857142856
ER_28,ER,28,3,1.0112729,1.0310715,1.8500001000000001,0.981695,0.00814,0,1000,5.4323,27,0.003521,0.06123777467000016,1.1499998999999999,33.70909666666667
ER_28,ER,28,5,1.1031906,1.5,3.1,0.8871613,0.034699999999999995,0,1000,5.4323,27,0.003521,0.5605622963800001,1.9,22.063812
ER_28,ER,28,7,1.2931965,1.921,4.25,0.7600802,0.07141,0,1000,5.4323,27,0.003521,1.5927313469500004,2.75,18.474235714285715
ER_29,ER,29,3,1.0088144,1.0,1.8400001,0.9843428,0.01047,0,1000,5.3376,28,0.002187,0.04704774143999941,1.1599999,33.62714666666666
ER_29,ER,29,5,1.1112917,1.5,3.45,0.8831611,0.043519999999999996,0,1000,5.3376,28,0.002187,0.59403057792,1.5499999999999998,22.225834
ER_29,ER,29,7,1.3146071000000001,1.98,6.3,0.7503692,0.07986,0,1000,5.3376,28,0.002187,1.6792468569600008,0.7000000000000002,18.78010142857143
GRID_00,GRID,0,3,1.0705351,1.2839399,2.9,0.7257912,0.0065699999999999995,0,1000,21.7045,63,0.0,1.5309290779500015,0.10000000000000009,35.68450333333333
GRID_00,GRID,0,5,1.1380959000000002,1.4242013,4.0,0.6457803999999999,0.01002,0,1000,21.7045,63,0.0,2.9973024615500035,1.0,22.761918
GRID_00,GRID,0,7,1.2082829,1.5603208,4.4,0.6077004,0.00809,0,1000,21.7045,63,0.0,4.520676203049999,2.5999999999999996,17.261184285714286
GRID_01,GRID,1,3,1.0747368,1.2874674000000002,2.9,0.7248945,0.00411,0,1000,21.702,63,0.0,1.6219380335999987,0.10000000000000009,35.82456
GRID_01,GRID,1,5,1.1423364,1.439592,4.2,0.6481011,0.00845,0,1000,21.702,63,0.0,3.088984552800001,0.7999999999999998,22.846728
GRID_01,GRID,1,7,1.2139985,1.5794115,4.8,0.6072256,0.005220000000000001,0,1000,21.702,63,0.0,4.6441954469999995,2.2,17.342835714285716
GRID_02,GRID,2,3,1.0667057999999998,1.2810026,2.6333333,0.7282173000000001,0.00664,0,1000,21.701,63,0.0,1.4475825657999961,0.3666667000000001,35.55685999999999
GRID_02,GRID,2,5,1.1390980000000002,1.4210156999999999,4.0,0.6474683,0.0071,0,1000,21.701,63,0.0,3.0185656980000037,1.0,22.781960000000005
GRID_02,GRID,2,7,1.2101586,1.5670952,4.2666667,0.6077006,0.006,0,1000,21.701,63,0.0,4.5606517786,2.7333333,17.28798
GRID_03,GRID,3,3,1.0693242,1.2888164,2.0,0.7271096,0.007300000000000001,0,1000,21.6972,63,0.0,1.504141032240001,1.0,35.64414
GRID_03,GRID,3,5,1.1361919999999999,1.4195087,2.4233333000000004,0.6477847,0.00723,0,1000,21.6972,63,0.0,2.954985062399997,2.5766666999999996,22.72384
GRID_03,GRID,3,7,1.2025798,1.5490473,3.2,0.6080696,0.01064,0,1000,21.6972,63,0.0,4.395414436560002,3.8,17.17971142857143
GRID_04,GRID,4,3,1.0651733,1.2840827000000001,2.4333333,0.7276901,0.00722,0,1000,21.6975,63,0.0,1.4140976767500022,0.5666666999999999,35.50577666666667
GRID_04,GRID,4,5,1.1332814,1.4329255,3.4,0.6477321,0.007680000000000001,0,1000,21.6975,63,0.0,2.8918731765,1.6,22.665627999999998
GRID_04,GRID,4,7,1.1987709,1.5494994,3.8333332999999996,0.6087553,0.00866,0,1000,21.6975,63,0.0,4.312831602749999,3.1666667000000004,17.125298571428573
GRID_05,GRID,5,3,1.0698782000000002,1.2993159,2.5,0.7268459,0.00827,0,1000,21.6932,63,0.0,1.515881768240005,0.5,35.662606666666676
GRID_05,GRID,5,5,1.142632,1.4705774,3.6,0.6479429999999999,0.00772,0,1000,21.6932,63,0.0,3.094144502400002,1.4,22.85264
GRID_05,GRID,5,7,1.2085005,1.5859435,3.8666667000000006,0.6077532,0.0106,0,1000,21.6932,63,0.0,4.5230430466,3.1333332999999994,17.264292857142856
GRID_06,GRID,6,3,1.0763897999999998,1.2843675,2.8333333,0.7268461,0.0068000000000000005,0,1000,21.701,63,0.0,1.6577350497999965,0.16666669999999995,35.879659999999994
GRID_06,GRID,6,5,1.1493208000000001,1.4462040999999999,3.4,0.6462551999999999,0.0066,0,1000,21.701,63,0.0,3.2404106808000033,1.6,22.986416000000006
GRID_06,GRID,6,7,1.2118935,1.5555883,5.4,0.6083860999999999,0.0107,0,1000,21.701,63,0.0,4.598300843499999,1.5999999999999996,17.312764285714284
GRID_07,GRID,7,3,1.0694665,1.2835227,2.3666667,0.7266878,0.00629,0,1000,21.7031,63,0.0,1.5076383961500022,0.6333332999999999,35.64888333333334
GRID_07,GRID,7,5,1.1381446,1.4319106,3.5333333,0.6472574,0.0064600000000000005,0,1000,21.7031,63,0.0,2.998166068259999,1.4666667000000002,22.762891999999997
GRID_07,GRID,7,7,1.2090805,1.5694112,4.7666667,0.6066455,0.00866,0,1000,21.7031,63,0.0,4.53769499955,2.2333333,17.27257857142857
GRID_08,GRID,8,3,1.0711942,1.2943481000000001,2.5333334,0.7271625,0.00605,0,1000,21.6986,63,0.0,1.544814468120002,0.46666659999999993,35.706473333333335
GRID_08,GRID,8,5,1.1402724,1.4393649,3.5,0.6467826999999999,0.00895,0,1000,21.6986,63,0.0,3.043714698639999,1.5,22.805448000000002
GRID_08,GRID,8,7,1.2155435,1.5750627,4.2,0.6083860999999999,0.01162,0,1000,21.6986,63,0.0,4.676992189100003,2.8,17.364907142857145
GRID_09,GRID,9,3,1.0694761,1.2864007000000002,2.8333333,0.7252638,0.00634,0,1000,21.7076,63,0.0,1.5081593883599984,0.16666669999999995,35.64920333333333
GRID_09,GRID,9,5,1.1380169,1.4253943,3.3,0.6457278000000001,0.01012,0,1000,21.7076,63,0.0,2.9960156584399997,1.7000000000000002,22.760338
GRID_09,GRID,9,7,1.2037331,1.5594329999999998,4.1,0.6072257999999999,0.013389999999999999,0,1000,21.7076,63,0.0,4.42255664156,2.9000000000000004,17.19618714285714
GRID_10,GRID,10,3,1.0706962,1.2803493,3.0,0.7245781,0.00711,0,1000,21.698,63,0.0,1.5339661475999997,0.0,35.68987333333333
GRID_10,GRID,10,5,1.1393274999999998,1.418266,3.8,0.6467826000000001,0.00732,0,1000,21.698,63,0.0,3.023128094999996,1.2000000000000002,22.78655
GRID_10,GRID,10,7,1.2072672,1.546414,4.7,0.6079114000000001,0.010539999999999999,0,1000,21.698,63,0.0,4.4972837056,2.3,17.246674285714285
GRID_11,GRID,11,3,1.0738317,1.301745,2.7,0.7260548,0.00449,0,1000,21.7089,63,0.0,1.6028049921299987,0.2999999999999998,35.79439
GRID_11,GRID,11,5,1.1431429,1.4368231,3.8333332999999996,0.6474683,0.008979999999999998,0,1000,21.7089,63,0.0,3.107474901809999,1.1666667000000004,22.862858
GRID_11,GRID,11,7,1.2135494,1.5930028999999999,4.2,0.6076477,0.012759999999999999,0,1000,21.7089,63,0.0,4.63592256966,2.8,17.33642
GRID_12,GRID,12,3,1.0662807,1.2751523,2.4333333,0.7268988000000001,0.00731,0,1000,21.7036,63,0.0,1.4385298005200018,0.5666666999999999,35.54269000000001
GRID_12,GRID,12,5,1.1301384,1.4073601999999998,3.0,0.6477321,0.01009,0,1000,21.7036,63,0.0,2.824471778240002,2.0,22.602768
GRID_12,GRID,12,7,1.2026104,1.5498322999999998,4.1,0.6069093000000001,0.00944,0,1000,21.7036,63,0.0,4.39737507744,2.9000000000000004,17.18014857142857
GRID_13,GRID,13,3,1.0668932999999998,1.2787215,2.3666667,0.7282699,0.00703,0,1000,21.7079,63,0.0,1.452113067069996,0.6333332999999999,35.563109999999995
GRID_13,GRID,13,5,1.1398161,1.4253828,3.4666666,0.6478375,0.010830000000000001,0,1000,21.7079,63,0.0,3.03511391719,1.5333334,22.796322
GRID_13,GRID,13,7,1.2143622,1.5730464,4.3333334,0.6084388000000001,0.010969999999999999,0,1000,21.7079,63,0.0,4.653353201380001,2.6666666,17.348031428571428
GRID_14,GRID,14,3,1.0686095,1.2861775,2.8,0.726055,0.0055,0,1000,21.7094,63,0.0,1.4894710792999997,0.20000000000000018,35.62031666666667
GRID_14,GRID,14,5,1.1397413,1.4356773,3.6,0.6469937,0.013470000000000001,0,1000,21.7094,63,0.0,3.0336997782200013,1.4,22.794826
GRID_14,GRID,14,7,1.2098526,1.5508175,5.1,0.6073313,0.00979,0,1000,21.7094,63,0.0,4.555774034440001,1.9000000000000004,17.283608571428573
GRID_15,GRID,15,3,1.0742309,1.2929403000000002,2.7,0.725,0.00639,0,1000,21.7112,63,0.0,1.6116419160800022,0.2999999999999998,35.80769666666667
GRID_15,GRID,15,5,1.1402169,1.4320615,3.3,0.6482066,0.011170000000000001,0,1000,21.7112,63,0.0,3.0442771592799995,1.7000000000000002,22.804337999999998
GRID_15,GRID,15,7,1.2054382000000001,1.5606244,4.15,0.608175,0.010879999999999999,0,1000,21.7112,63,0.0,4.460309847840003,2.8499999999999996,17.220545714285716
GRID_16,GRID,16,3,1.0706913999999998,1.2941023,2.8,0.72827,0.01072,0,1000,21.6947,63,0.0,1.5336287155799968,0.20000000000000018,35.68971333333333
GRID_16,GRID,16,5,1.1398,1.4264671,3.5,0.6474156,0.00878,0,1000,21.6947,63,0.0,3.0329190599999984,1.5,22.796
GRID_16,GRID,16,7,1.2111227,1.5750178,5.0,0.6086498,0.010589999999999999,0,1000,21.6947,63,0.0,4.58024363969,2.0,17.30175285714286
GRID_17,GRID,17,3,1.0736988,1.2957684999999999,2.8,0.7261603,0.01014,0,1000,21.7209,63,0.0,1.6008042649200014,0.20000000000000018,35.78996
GRID_17,GRID,17,5,1.1480306,1.4489499000000001,3.8,0.6470990999999999,0.00922,0,1000,21.7209,63,0.0,3.2153578595400005,1.2000000000000002,22.960612
GRID_17,GRID,17,7,1.2166444,1.5680766,5.2,0.6070675000000001,0.00982,0,1000,21.7209,63,0.0,4.705711347960001,1.7999999999999998,17.380634285714287
GRID_18,GRID,18,3,1.0798067,1.3029176,3.0,0.7254746,0.00965,0,1000,21.7048,63,0.0,1.73218846216,0.0,35.99355666666666
GRID_18,GRID,18,5,1.148402,1.4539276,4.0,0.6476265,0.0076300000000000005,0,1000,21.7048,63,0.0,3.2210357295999983,1.0,22.96804
GRID_18,GRID,18,7,1.2170622,1.575412,4.933333299999999,0.6081749000000001,0.01009,0,1000,21.7048,63,0.0,4.71129163856,2.0666667000000007,17.386602857142858
GRID_19,GRID,19,3,1.0683591,1.2862617,2.4,0.726635,0.00834,0,1000,21.7113,63,0.0,1.4841649278299978,0.6000000000000001,35.61197
GRID_19,GRID,19,5,1.1396214,1.4144917,3.5333333,0.6463608,0.00819,0,1000,21.7113,63,0.0,3.0313621018200005,1.4666667000000002,22.792428
GRID_19,GRID,19,7,1.2037094,1.5390039,4.6,0.6076477,0.00971,0,1000,21.7113,63,0.0,4.4227958962199985,2.4000000000000004,17.19584857142857
GRID_20,GRID,20,3,1.0737693,1.2971627,2.9,0.7265823,0.007619999999999999,0,1000,21.6971,63,0.0,1.6005798790299983,0.10000000000000009,35.79231
GRID_20,GRID,20,5,1.1448103,1.4503274,3.6,0.6476792,0.00955,0,1000,21.6971,63,0.0,3.141963560130001,1.4,22.896206000000003
GRID_20,GRID,20,7,1.2220828,1.603366,5.1666667,0.6079114999999999,0.00999,0,1000,21.6971,63,0.0,4.818552719879998,1.8333332999999996,17.458325714285714
GRID_21,GRID,21,3,1.0729338,1.2992094,2.4999998999999997,0.7261604,0.00622,0,1000,21.7007,63,0.0,1.5827145136599987,0.5000001000000003,35.76446
GRID_21,GRID,21,5,1.1409306000000001,1.4250791,3.2333332999999995,0.6475738,0.00886,0,1000,21.7007,63,0.0,3.058292671420003,1.7666667000000005,22.818612
GRID_21,GRID,21,7,1.2114995,1.562618,3.8933332999999997,0.6072258,0.01066,0,1000,21.7007,63,0.0,4.589687199649999,3.1066667000000003,17.307135714285714
GRID_22,GRID,22,3,1.0707683,1.2858881,2.4,0.7266879,0.00877,0,1000,21.703,63,0.0,1.5358844148999977,0.6000000000000001,35.692276666666665
GRID_22,GRID,22,5,1.1393518999999999,1.4239409,2.7033332999999997,0.6475209,0.0073999999999999995,0,1000,21.703,63,0.0,3.0243542856999968,2.2966667000000003,22.787038
GRID_22,GRID,22,7,1.2137356000000001,1.5638515,3.7,0.6075949,0.00781,0,1000,21.703,63,0.0,4.638703726800003,3.3,17.339080000000003
GRID_23,GRID,23,3,1.0716885999999999,1.2887438,2.3133333,0.7257911,0.00634,0,1000,21.7015,63,0.0,1.5557501528999973,0.6866667,35.72295333333333
GRID_23,GRID,23,5,1.1416297,1.4422954000000001,3.5,0.6478903,0.01137,0,1000,21.7015,63,0.0,3.0735769345499993,1.5,22.832594
GRID_23,GRID,23,7,1.2138236,1.5714000000000001,4.5333333,0.6078061,0.00964,0,1000,21.7015,63,0.0,4.6402928554,2.4666667,17.340337142857145
GRID_24,GRID,24,3,1.0690436,1.2810331,2.5,0.7253162,0.00723,0,1000,21.7016,63,0.0,1.498356589760002,0.5,35.63478666666667
GRID_24,GRID,24,5,1.1368276,1.4197618,3.3,0.6472574,0.01018,0,1000,21.7016,63,0.0,2.9693778441599985,1.7000000000000002,22.736552
GRID_24,GRID,24,7,1.1959809,1.5439788,4.4,0.6090717000000001,0.00868,0,1000,21.7016,63,0.0,4.253099099439997,2.5999999999999996,17.08544142857143
GRID_25,GRID,25,3,1.0733649,1.2992033,2.9,0.7297997,0.00851,0,1000,21.696,63,0.0,1.5917248704000015,0.10000000000000009,35.77883
GRID_25,GRID,25,5,1.1453984,1.4545986000000002,3.8,0.6481011999999999,0.00932,0,1000,21.696,63,0.0,3.1545636863999986,1.2000000000000002,22.907967999999997
GRID_25,GRID,25,7,1.2207555,1.5769051,5.3,0.6084387,0.00952,0,1000,21.696,63,0.0,4.789511328000002,1.7000000000000002,17.439364285714287
GRID_26,GRID,26,3,1.071949,1.2909241,2.2666667,0.7282701,0.00771,0,1000,21.7029,63,0.0,1.5615019521000009,0.7333333,35.731633333333335
GRID_26,GRID,26,5,1.1445367000000002,1.4416631,3.3,0.6466244,0.00916,0,1000,21.7029,63,0.0,3.136865546430004,1.7000000000000002,22.890734000000005
GRID_26,GRID,26,7,1.2076345,1.5667663,3.9666667,0.6073312000000001,0.00964,0,1000,21.7029,63,0.0,4.5062707900499985,3.0333333,17.25192142857143
GRID_27,GRID,27,3,1.0668552,1.2796186,2.3333333,0.726424,0.007050000000000001,0,1000,21.702,63,0.0,1.4508915504000002,0.6666667,35.561840000000004
GRID_27,GRID,27,5,1.1374494,1.4326962,3.3,0.6478902,0.00929,0,1000,21.702,63,0.0,2.982926878799999,1.7000000000000002,22.748987999999997
GRID_27,GRID,27,7,1.2049576,1.5495582,3.75,0.6080168,0.01285,0,1000,21.702,63,0.0,4.4479898352,3.25,17.21368
GRID_28,GRID,28,3,1.0723473000000001,1.2918958,2.8333333,0.7279008,0.007340000000000001,0,1000,21.7042,63,0.0,1.5702402686600025,0.16666669999999995,35.744910000000004
GRID_28,GRID,28,5,1.1396813,1.4380162,3.2,0.6477321,0.00956,0,1000,21.7042,63,0.0,3.0316708714599976,1.7999999999999998,22.793625999999996
GRID_28,GRID,28,7,1.207913,1.5697032,4.2333333,0.6080171,0.015610000000000002,0,1000,21.7042,63,0.0,4.512585334600001,2.7666667,17.2559
GRID_29,GRID,29,3,1.0774283,1.2981589,2.9,0.7244197,0.00701,0,1000,21.7012,63,0.0,1.68028702396,0.10000000000000009,35.914276666666666
GRID_29,GRID,29,5,1.1493777,1.4446799000000001,3.1,0.6460444,0.01075,0,1000,21.7012,63,0.0,3.241675343240001,1.9,22.987554000000003
GRID_29,GRID,29,7,1.2077686,1.5637558,4.6,0.6085443,0.01184,0,1000,21.7012,63,0.0,4.508827942320002,2.4000000000000004,17.253837142857144
WS_00,WS,0,3,1.1720963,1.4251981,2.225,0.65585,0.00433,0,1000,8.9052,18,0.381467,1.53255197076,0.7749999999999999,39.069876666666666
WS_00,WS,0,5,1.2608150999999999,1.5850781,3.7,0.60385,0.00426,0,1000,8.9052,18,0.381467,2.3226106285199988,1.2999999999999998,25.216301999999995
WS_00,WS,0,7,1.2853409,1.6448297,3.7333333000000004,0.5942999999999999,0.004690000000000001,0,1000,8.9052,18,0.381467,2.5410177826800004,3.2666666999999996,18.362012857142858
WS_01,WS,1,3,1.1664091,1.4273193,2.1866667,0.6607000000000001,0.00481,0,1000,8.6787,17,0.368443,1.4442146561700007,0.8133333,38.88030333333334
WS_01,WS,1,5,1.24564,1.5940537000000001,2.8035714,0.6064499999999999,0.00438,0,1000,8.6787,17,0.368443,2.1318358680000005,2.1964286,24.9128
WS_01,WS,1,7,1.2774688,1.6498871000000002,3.5,0.596,0.0054,0,1000,8.6787,17,0.368443,2.4080684745600003,3.5,18.249554285714286
WS_02,WS,2,3,1.1727793,1.4277241,2.0833333,0.6519999999999999,0.00446,0,1000,8.929,17,0.384976,1.5427463696999997,0.9166667,39.092643333333335
WS_02,WS,2,5,1.2500968000000001,1.5860992,3.3533333,0.6016,0.00544,0,1000,8.929,17,0.384976,2.233114327200001,1.6466667,25.001936
WS_02,WS,2,7,1.2830515,1.6550272,3.55,0.5896,0.00552,0,1000,8.929,17,0.384976,2.5273668435000003,3.45,18.329307142857143
WS_03,WS,3,3,1.1646337,1.4203015,2.32,0.66345,0.0035700000000000003,0,1000,8.6491,17,0.363024,1.42393333467,0.6800000000000002,38.82112333333333
WS_03,WS,3,5,1.240411,1.5920636,3.2,0.61195,0.00572,0,1000,8.6491,17,0.363024,2.0793387800999996,1.7999999999999998,24.80822
WS_03,WS,3,7,1.2756969999999999,1.6641929000000002,3.5916666999999998,0.5989,0.006559999999999999,0,1000,8.6491,17,0.363024,2.384530922699999,3.4083333000000002,18.224242857142855
WS_04,WS,4,3,1.1628557000000002,1.4163132,2.7166666,0.65575,0.00346,0,1000,8.9408,19,0.381276,1.4560602425600013,0.28333340000000007,38.761856666666674
WS_04,WS,4,5,1.2507051,1.5985716,3.5666667000000003,0.60145,0.00489,0,1000,8.9408,19,0.381276,2.24150415808,1.4333332999999997,25.014101999999998
WS_04,WS,4,7,1.2767746,1.6525716,4.2,0.5918,0.00533,0,1000,8.9408,19,0.381276,2.4745863436799995,2.8,18.23963714285714
WS_05,WS,5,3,1.1710353,1.4389679000000002,2.6833333,0.6582,0.0036200000000000004,0,1000,8.6284,17,0.3758,1.4757609825199998,0.31666669999999986,39.03451
WS_05,WS,5,5,1.2268088000000001,1.5613138,2.8666667,0.61125,0.0047,0,1000,8.6284,17,0.3758,1.9569970499200011,2.1333333,24.536176000000005
WS_05,WS,5,7,1.2678927,1.6479764,3.15,0.59945,0.00762,0,1000,8.6284,17,0.3758,2.3114853726799995,3.85,18.11275285714286
WS_06,WS,6,3,1.160825,1.4130157,1.975,0.65825,0.00352,0,1000,8.7897,16,0.37391,1.4136035025,1.025,38.69416666666667
WS_06,WS,6,5,1.2441008,1.5958334,2.56,0.608,0.00502,0,1000,8.7897,16,0.37391,2.14557280176,2.44,24.882016
WS_06,WS,6,7,1.2730846,1.6490797000000001,2.6466666,0.5959000000000001,0.005730000000000001,0,1000,8.7897,16,0.37391,2.40033170862,4.3533334,18.186922857142857
WS_07,WS,7,3,1.1679737,1.4147531,2.18,0.6616000000000001,0.00334,0,1000,8.7153,17,0.370267,1.463941187609999,0.8199999999999998,38.93245666666667
WS_07,WS,7,5,1.2472986,1.5866272000000001,2.7916667,0.6104,0.00487,0,1000,8.7153,17,0.370267,2.155281488579999,2.2083333,24.945972
WS_07,WS,7,7,1.2773196,1.6516669,3.1283333,0.59955,0.00881,0,1000,8.7153,17,0.370267,2.4169235098799997,3.8716667,18.247422857142855
WS_08,WS,8,3,1.1649127,1.4288885,2.4,0.66365,0.00326,0,1000,8.5586,18,0.36801,1.4114218342199993,0.6000000000000001,38.83042333333333
WS_08,WS,8,5,1.2442589,1.6005807,3.5333333,0.6138,0.00498,0,1000,8.5586,18,0.36801,2.0905142215399994,1.4666667000000002,24.885178
WS_08,WS,8,7,1.2706001,1.6585419,3.6533333,0.6018,0.00892,0,1000,8.5586,18,0.36801,2.31595801586,3.3466667,18.151429999999998
WS_09,WS,9,3,1.1752456,1.4566664,2.125,0.6593,0.00324,0,1000,8.9385,18,0.371,1.5664327956,0.875,39.17485333333333
WS_09,WS,9,5,1.2549637,1.5970358,2.7833333,0.6052500000000001,0.005390000000000001,0,1000,8.9385,18,0.371,2.27899303245,2.2166667,25.099273999999998
WS_09,WS,9,7,1.3013545,1.7081627999999998,3.075,0.5932999999999999,0.00912,0,1000,8.9385,18,0.371,2.6936571982499995,3.925,18.590778571428572
WS_10,WS,10,3,1.181105,1.4380791,2.3899999999999997,0.6429,0.004280000000000001,0,1000,9.645,20,0.392424,1.7467577250000006,0.6100000000000003,39.37016666666667
WS_10,WS,10,5,1.266455,1.6057998000000002,3.0483333,0.5915,0.00737,0,1000,9.645,20,0.392424,2.569958475000001,1.9516667,25.329100000000004
WS_10,WS,10,7,1.2966134999999999,1.6623832,3.3321429,0.58045,0.00776,0,1000,9.645,20,0.392424,2.8608372074999986,3.6678571,18.523049999999998
WS_11,WS,11,3,1.1667007,1.413099,2.1204761999999997,0.6552,0.00412,0,1000,8.7253,17,0.382652,1.4545136177100004,0.8795238000000003,38.89002333333333
WS_11,WS,11,5,1.2304142,1.5592107,2.9483333000000003,0.6082,0.00577,0,1000,8.7253,17,0.382652,2.01043301926,2.0516666999999997,24.608284
WS_11,WS,11,7,1.2616787999999999,1.615176,2.8616667,0.5972999999999999,0.00688,0,1000,8.7253,17,0.382652,2.283226033639999,4.1383333,18.023982857142855
WS_12,WS,12,3,1.1747229000000001,1.4376187,2.65,0.6591,0.00477,0,1000,8.6432,17,0.371733,1.5101649692800012,0.3500000000000001,39.157430000000005
WS_12,WS,12,5,1.2523376000000002,1.6104763000000002,3.075,0.6106,0.00569,0,1000,8.6432,17,0.371733,2.1810043443200016,1.9249999999999998,25.046752000000005
WS_12,WS,12,7,1.2721725,1.6433335,3.2399999999999998,0.60145,0.00741,0,1000,8.6432,17,0.371733,2.3524413519999996,3.7600000000000002,18.173892857142857
WS_13,WS,13,3,1.1677941,1.4261703000000001,2.3857143,0.6538,0.0057799999999999995,0,1000,8.9593,17,0.376457,1.5033176801300006,0.6142856999999999,38.92647
WS_13,WS,13,5,1.2519009,1.5936966,3.05,0.6028,0.009729999999999999,0,1000,8.9593,17,0.376457,2.256855733370001,1.9500000000000002,25.038018
WS_13,WS,13,7,1.2871179,1.6649660999999998,3.085,0.5906499999999999,0.0074399999999999996,0,1000,8.9593,17,0.376457,2.5723754014699995,3.915,18.38739857142857
WS_14,WS,14,3,1.1757563,1.4619045,2.9,0.6586000000000001,0.00603,0,1000,8.8401,17,0.369743,1.5537032676299998,0.10000000000000009,39.191876666666666
WS_14,WS,14,5,1.2560876,1.6119107,3.1733333000000004,0.608,0.00553,0,1000,8.8401,17,0.369743,2.263839992760001,1.8266666999999996,25.121752000000004
WS_14,WS,14,7,1.284931,1.6686252,3.2999999000000004,0.59715,0.00613,0,1000,8.8401,17,0.369743,2.5188185331,3.7000000999999996,18.356157142857143
WS_15,WS,15,3,1.1688178,1.4214106,2.4,0.65945,0.006529999999999999,0,1000,8.9469,17,0.372576,1.51039597482,0.6000000000000001,38.960593333333335
WS_15,WS,15,5,1.2586347,1.6056846,3.4285714,0.6056,0.00462,0,1000,8.9469,17,0.372576,2.31397879743,1.5714286,25.172694
WS_15,WS,15,7,1.2945701,1.6770197,3.3333332999999996,0.59435,0.00698,0,1000,8.9469,17,0.372576,2.6354892276900004,3.6666667000000004,18.49385857142857
WS_16,WS,16,3,1.1772525,1.4544117,2.7,0.65735,0.0069099999999999995,0,1000,8.8622,19,0.37389,1.5708471055000002,0.2999999999999998,39.24175
WS_16,WS,16,5,1.2548654,1.6138096000000002,3.6533333,0.6073999999999999,0.0054399999999999995,0,1000,8.8622,19,0.37389,2.258668147879999,1.3466667,25.097307999999995
WS_16,WS,16,7,1.2897904,1.6905414,3.625,0.5952,0.00549,0,1000,8.8622,19,0.37389,2.56818048288,3.375,18.425577142857144
WS_17,WS,17,3,1.1634806,1.4244622,2.3166666,0.6618999999999999,0.00375,0,1000,8.7798,17,0.371376,1.4353269718799997,0.6833334,38.78268666666666
WS_17,WS,17,5,1.24444,1.5780559,3.6583333000000002,0.60985,0.0038,0,1000,8.7798,17,0.371376,2.146134312,1.3416666999999998,24.8888
WS_17,WS,17,7,1.2731251000000001,1.6477653,2.8600000000000003,0.59805,0.00682,0,1000,8.7798,17,0.371376,2.397983752980001,4.14,18.18750142857143
WS_18,WS,18,3,1.1625319,1.4191664,2.5,0.6597999999999999,0.00451,0,1000,8.6992,18,0.369933,1.4138975044800004,0.5,38.751063333333335
WS_18,WS,18,5,1.2459518,1.5830002,3.59,0.61005,0.00528,0,1000,8.6992,18,0.369933,2.13958389856,1.4100000000000001,24.919036
WS_18,WS,18,7,1.2789875,1.6736716999999999,3.1666667,0.59885,0.0052699999999999995,0,1000,8.6992,18,0.369933,2.426968059999999,3.8333333,18.27125
WS_19,WS,19,3,1.1600413,1.4223409999999999,2.7,0.67315,0.00366,0,1000,8.3634,17,0.349533,1.3384894084200005,0.2999999999999998,38.66804333333334
WS_19,WS,19,5,1.2345669,1.5864089,3.0300000000000002,0.6214000000000001,0.00524,0,1000,8.3634,17,0.349533,1.9617768114599994,1.9699999999999998,24.691338
WS_19,WS,19,7,1.2705842999999999,1.6690953999999998,4.0333333,0.6100000000000001,0.007880000000000002,0,1000,8.3634,17,0.349533,2.263004734619999,2.9666667,18.151204285714286
WS_20,WS,20,3,1.1715746,1.423337,2.6,0.65525,0.00401,0,1000,9.0046,18,0.3733,1.5449606431600003,0.3999999999999999,39.05248666666667
WS_20,WS,20,5,1.2534161,1.5990537,3.3,0.60275,0.004860000000000001,0,1000,9.0046,18,0.3733,2.281910614059999,1.7000000000000002,25.068322
WS_20,WS,20,7,1.295631,1.6770094,3.5833332999999996,0.5908,0.00772,0,1000,9.0046,18,0.3733,2.6620389026,3.4166667000000004,18.509014285714283
WS_21,WS,21,3,1.161513,1.4258728,2.5,0.666,0.0031600000000000005,0,1000,8.5484,17,0.366738,1.3806777292000003,0.5,38.7171
WS_21,WS,21,5,1.2385419,1.5878574,3.15,0.61375,0.0050999999999999995,0,1000,8.5484,17,0.366738,2.03915157796,1.85,24.770838
WS_21,WS,21,7,1.2816604,1.6834526,3.875,0.6024,0.006189999999999999,0,1000,8.5484,17,0.366738,2.4077457633600003,3.125,18.309434285714286
WS_22,WS,22,3,1.1648623,1.4256815,2.7,0.66625,0.00563,0,1000,8.5102,16,0.35871,1.40301114546,0.2999999999999998,38.828743333333335
WS_22,WS,22,5,1.2434999,1.5892522,3.5,0.6164000000000001,0.00495,0,1000,8.5102,16,0.35871,2.0722328489799997,1.5,24.869998
WS_22,WS,22,7,1.2843442,1.6811193,4.4833333,0.60355,0.01018,0,1000,8.5102,16,0.35871,2.41982601084,2.5166667,18.347774285714287
WS_23,WS,23,3,1.1701222,1.4245235,2.1666666,0.65805,0.00487,0,1000,8.7627,18,0.377329,1.4907298019400002,0.8333333999999999,39.00407333333333
WS_23,WS,23,5,1.2420307,1.5716148,2.5892857,0.60895,0.00513,0,1000,8.7627,18,0.377329,2.1208424148899994,2.4107143,24.840614
WS_23,WS,23,7,1.2723396,1.6350974999999999,3.1433333,0.599,0.0083,0,1000,8.7627,18,0.377329,2.38643021292,3.8566667,18.17628
WS_24,WS,24,3,1.1594742,1.4214284,2.2,0.661,0.00575,0,1000,8.8771,18,0.373,1.41566842082,0.7999999999999998,38.649139999999996
WS_24,WS,24,5,1.2470269999999999,1.5851689,2.8283334,0.6049,0.00861,0,1000,8.8771,18,0.373,2.1928833816999993,2.1716666,24.94054
WS_24,WS,24,7,1.2913432999999999,1.6790001,3.6166666999999997,0.5930500000000001,0.0049099999999999994,0,1000,8.8771,18,0.373,2.5862836084299987,3.3833333000000003,18.447761428571425
WS_25,WS,25,3,1.1686718,1.4361944,2.1619048,0.65455,0.00417,0,1000,9.0549,18,0.37995,1.5273062818200003,0.8380952000000002,38.95572666666667
WS_25,WS,25,5,1.2587607,1.601016,2.5033333,0.60145,0.00625,0,1000,9.0549,18,0.37995,2.3430522624300005,2.4966667,25.175214
WS_25,WS,25,7,1.2886833000000002,1.6688572999999998,3.3666666999999997,0.5897,0.0058,0,1000,9.0549,18,0.37995,2.613998413170002,3.6333333000000003,18.409761428571432
WS_26,WS,26,3,1.1810224999999999,1.4430773000000001,2.275,0.65225,0.006410000000000001,0,1000,9.0462,23,0.386,1.637565739499999,0.7250000000000001,39.367416666666664
WS_26,WS,26,5,1.2547503,1.5939682000000002,2.4483333000000003,0.6044,0.00479,0,1000,9.0462,23,0.386,2.30452216386,2.5516666999999997,25.095005999999998
WS_26,WS,26,7,1.2842024,1.6528033,2.8283334,0.59195,0.006320000000000001,0,1000,9.0462,23,0.386,2.570951750880001,4.1716666,18.345748571428572
WS_27,WS,27,3,1.1611448000000002,1.4183411,2.3333333,0.6625,0.00439,0,1000,8.5455,17,0.366633,1.3770628884000018,0.6666667,38.704826666666676
WS_27,WS,27,5,1.2332526,1.5532097,2.9216667000000003,0.6126,0.0051199999999999996,0,1000,8.5455,17,0.366633,1.9932600932999995,2.0783332999999997,24.665052
WS_27,WS,27,7,1.2624619,1.6342235999999999,2.68,0.6018,0.0055,0,1000,8.5455,17,0.366633,2.242868166449999,4.32,18.035169999999997
WS_28,WS,28,3,1.1726937,1.4391538000000001,2.0133333,0.6561,0.00654,0,1000,8.8283,19,0.37416,1.5245917917099996,0.9866666999999998,39.089789999999994
WS_28,WS,28,5,1.24154,1.5882144999999999,3.2666665999999998,0.6059,0.0064600000000000005,0,1000,8.8283,19,0.37416,2.132387582000001,1.7333334000000002,24.830800000000004
WS_28,WS,28,7,1.2849962,1.6714704,3.2083333000000005,0.595,0.0078,0,1000,8.8283,19,0.37416,2.5160319524599997,3.7916666999999995,18.35708857142857
WS_29,WS,29,3,1.1638484,1.4364283,2.7,0.6578,0.0054800000000000005,0,1000,8.6353,16,0.38011,1.4148800885200001,0.2999999999999998,38.79494666666667
WS_29,WS,29,5,1.2443183,1.5911966,3.8,0.6083000000000001,0.00679,0,1000,8.6353,16,0.38011,2.1097618159900002,1.2000000000000002,24.886366
WS_29,WS,29,7,1.2813509,1.6640000999999998,4.55,0.5964,0.0086,0,1000,8.6353,16,0.38011,2.429549426770001,2.45,18.30501285714286
